Call Date,Agent ID,Agent Status,Call Type,Service,Answer Time,Avg Talk Time,Disconnect Code,Call Disconnect,Survey Opted,Resolved,Call Fwd,Fwd Sup ID,Feedback
2026-02-15T00:00:24Z,1011,9,1,2,43,1775,57,2026-02-15T00:30:42Z,No,Yes,No,,
2026-02-15T00:03:37Z,1012,9,2,4,42,562,1,2026-02-15T00:13:41Z,No,Yes,No,,
2026-02-15T00:08:54Z,1011,3,4,5,49,867,57,2026-02-15T00:24:10Z,No,No,No,,
2026-02-15T00:11:28Z,1012,4,5,10,53,522,5,2026-02-15T00:21:03Z,Yes,No,No,,4
2026-02-15T00:13:06Z,1009,3,5,2,40,1110,57,2026-02-15T00:32:16Z,Yes,No,No,,3
2026-02-15T00:27:27Z,1009,4,1,2,23,991,57,2026-02-15T00:44:21Z,No,No,No,,
2026-02-15T00:33:02Z,1012,1,4,10,51,2055,57,2026-02-15T01:08:08Z,Yes,Yes,No,,3
2026-02-15T00:55:33Z,1011,2,4,2,23,541,57,2026-02-15T01:04:57Z,No,No,No,,
2026-02-15T00:56:37Z,1010,3,2,10,59,1306,1,2026-02-15T01:19:22Z,No,No,No,,
2026-02-15T01:13:19Z,1012,3,4,2,34,955,5,2026-02-15T01:29:48Z,Yes,Yes,No,,4
2026-02-15T01:20:35Z,1011,3,1,1,56,1506,1,2026-02-15T01:46:37Z,Yes,Yes,No,,3
2026-02-15T01:25:13Z,1010,1,4,3,44,364,1,2026-02-15T01:32:01Z,No,Yes,No,,
2026-02-15T01:30:15Z,1009,1,4,2,45,825,1,2026-02-15T01:44:45Z,Yes,Yes,No,,4
2026-02-15T01:37:58Z,1009,1,4,1,50,1603,1,2026-02-15T02:05:31Z,Yes,No,No,,1
2026-02-15T01:41:19Z,1009,1,1,5,35,1749,1,2026-02-15T02:11:03Z,No,Yes,No,,
2026-02-15T01:41:30Z,1012,3,1,2,23,1670,1,2026-02-15T02:09:43Z,No,No,No,,
2026-02-15T01:45:14Z,1012,2,1,5,35,388,1,2026-02-15T01:52:17Z,No,Yes,No,,
2026-02-15T01:46:02Z,1011,3,1,3,24,1373,1,2026-02-15T02:09:19Z,No,No,No,,
2026-02-15T01:47:38Z,1009,0,4,2,22,1021,57,2026-02-15T02:05:01Z,No,No,Yes,2001,
2026-02-15T01:53:53Z,1012,0,1,10,29,1887,1,2026-02-15T02:25:49Z,Yes,No,Yes,2005,1
2026-02-15T01:58:56Z,1011,3,4,5,56,368,1,2026-02-15T02:06:00Z,Yes,No,No,,2
2026-02-15T02:23:46Z,1012,3,4,10,50,399,57,2026-02-15T02:31:15Z,Yes,Yes,No,,5
2026-02-15T02:27:34Z,1012,0,4,3,22,1165,57,2026-02-15T02:47:21Z,Yes,Yes,Yes,2004,3
2026-02-15T02:36:01Z,1011,3,4,4,30,466,57,2026-02-15T02:44:17Z,No,Yes,No,,
2026-02-15T02:48:10Z,1011,0,1,2,27,556,57,2026-02-15T02:57:53Z,No,Yes,Yes,2005,
2026-02-15T02:55:49Z,1010,0,4,4,54,1076,1,2026-02-15T03:14:39Z,No,No,Yes,2004,
2026-02-15T03:03:05Z,1009,3,4,10,22,331,1,2026-02-15T03:08:58Z,No,No,No,,
2026-02-15T03:08:22Z,1012,3,1,10,23,1604,1,2026-02-15T03:35:29Z,No,Yes,No,,
2026-02-15T03:21:08Z,1012,2,1,1,54,1737,1,2026-02-15T03:50:59Z,Yes,No,No,,3
2026-02-15T03:47:48Z,1012,3,1,4,33,530,57,2026-02-15T03:57:11Z,No,Yes,No,,
2026-02-15T03:56:02Z,1012,3,4,2,49,563,57,2026-02-15T04:06:14Z,No,Yes,No,,
2026-02-15T04:22:28Z,1012,3,1,4,48,439,1,2026-02-15T04:30:35Z,No,Yes,No,,
2026-02-15T04:25:21Z,1011,3,4,5,36,1793,57,2026-02-15T04:55:50Z,No,Yes,No,,
2026-02-15T04:26:43Z,1010,2,5,4,40,1688,57,2026-02-15T04:55:31Z,Yes,No,No,,3
2026-02-15T04:30:16Z,1011,3,4,2,51,1466,1,2026-02-15T04:55:33Z,Yes,Yes,No,,2
2026-02-15T04:32:14Z,1012,3,1,2,21,593,57,2026-02-15T04:42:28Z,No,Yes,No,,
2026-02-15T04:41:20Z,1009,3,1,10,33,547,1,2026-02-15T04:51:00Z,No,No,No,,
2026-02-15T04:49:39Z,1012,3,1,10,34,310,57,2026-02-15T04:55:23Z,Yes,No,No,,5
2026-02-15T04:53:14Z,1009,0,4,4,55,534,1,2026-02-15T05:03:03Z,No,Yes,Yes,2001,
2026-02-15T05:04:37Z,1010,3,1,4,33,579,1,2026-02-15T05:14:49Z,No,Yes,No,,
2026-02-15T05:08:45Z,1011,1,5,4,47,1199,1,2026-02-15T05:29:31Z,No,No,No,,
2026-02-15T05:10:39Z,1009,3,1,10,26,395,1,2026-02-15T05:17:40Z,Yes,No,No,,3
2026-02-15T05:11:08Z,1010,1,5,2,38,1641,1,2026-02-15T05:39:07Z,No,Yes,No,,
2026-02-15T05:24:29Z,1012,3,4,10,22,2393,57,2026-02-15T06:04:44Z,Yes,No,No,,2
2026-02-15T05:25:20Z,1012,1,1,4,50,1792,1,2026-02-15T05:56:02Z,No,Yes,No,,
2026-02-15T05:25:43Z,1011,0,4,2,35,1445,57,2026-02-15T05:50:23Z,No,No,Yes,2002,
2026-02-15T05:47:13Z,1010,3,4,2,24,431,1,2026-02-15T05:54:48Z,No,No,No,,
2026-02-15T06:09:50Z,1010,3,1,10,48,398,1,2026-02-15T06:17:16Z,No,Yes,No,,
2026-02-15T06:30:10Z,1012,3,1,10,38,284,1,2026-02-15T06:35:32Z,No,No,No,,
2026-02-15T06:30:51Z,1009,1,1,2,25,1505,1,2026-02-15T06:56:21Z,Yes,No,No,,3
2026-02-15T06:44:07Z,1009,3,4,4,39,297,1,2026-02-15T06:49:43Z,Yes,No,No,,2
2026-02-15T06:49:13Z,1012,3,4,10,46,1961,57,2026-02-15T07:22:40Z,No,Yes,No,,
2026-02-15T07:03:13Z,1007,3,1,2,20,877,57,2026-02-15T07:18:10Z,Yes,No,No,,2
2026-02-15T07:07:06Z,1010,3,1,4,50,2159,1,2026-02-15T07:43:55Z,Yes,No,No,,3
2026-02-15T07:14:46Z,1007,0,1,2,57,392,1,2026-02-15T07:22:15Z,Yes,Yes,Yes,2002,4
2026-02-15T07:16:19Z,1006,3,4,4,24,539,1,2026-02-15T07:25:42Z,Yes,Yes,No,,3
2026-02-15T07:19:25Z,1014,0,1,2,37,1396,1,2026-02-15T07:43:18Z,Yes,No,Yes,2002,2
2026-02-15T07:20:18Z,1012,0,1,4,47,2396,57,2026-02-15T08:01:01Z,No,Yes,Yes,2005,
2026-02-15T07:25:11Z,1003,3,1,2,33,2217,57,2026-02-15T08:02:41Z,No,No,No,,
2026-02-15T07:30:21Z,1014,3,1,2,28,1096,1,2026-02-15T07:49:05Z,No,No,No,,
2026-02-15T07:33:11Z,1009,3,4,10,35,322,1,2026-02-15T07:39:08Z,Yes,No,No,,1
2026-02-15T07:53:44Z,1002,3,1,10,56,1990,57,2026-02-15T08:27:50Z,Yes,No,No,,5
2026-02-15T07:54:33Z,1014,0,1,4,56,1897,57,2026-02-15T08:27:06Z,Yes,No,Yes,2005,1
2026-02-15T07:59:13Z,1005,1,1,2,58,1787,57,2026-02-15T08:29:58Z,No,No,No,,
2026-02-15T08:10:04Z,1012,1,1,4,44,1168,57,2026-02-15T08:30:16Z,Yes,No,No,,2
2026-02-15T08:20:25Z,1007,3,4,2,49,1633,1,2026-02-15T08:48:27Z,No,Yes,No,,
2026-02-15T08:23:19Z,1013,3,4,4,33,1784,1,2026-02-15T08:53:36Z,No,No,No,,
2026-02-15T08:23:22Z,1012,3,4,4,30,1881,1,2026-02-15T08:55:13Z,Yes,Yes,No,,4
2026-02-15T08:23:32Z,1014,3,1,4,29,443,1,2026-02-15T08:31:24Z,Yes,Yes,No,,2
2026-02-15T08:23:38Z,1006,2,4,4,43,1280,1,2026-02-15T08:45:41Z,Yes,Yes,No,,5
2026-02-15T08:35:39Z,1009,0,4,2,40,344,57,2026-02-15T08:42:03Z,No,No,Yes,2002,
2026-02-15T08:42:18Z,1013,1,1,2,55,2042,1,2026-02-15T09:17:15Z,No,Yes,No,,
2026-02-15T08:43:12Z,1005,3,4,10,55,1414,57,2026-02-15T09:07:41Z,Yes,No,No,,4
2026-02-15T08:45:32Z,1012,0,1,4,26,1857,1,2026-02-15T09:16:55Z,No,Yes,Yes,2002,
2026-02-15T09:04:48Z,1005,1,4,4,55,423,1,2026-02-15T09:12:46Z,Yes,Yes,No,,1
2026-02-15T09:07:41Z,1006,3,1,4,49,507,57,2026-02-15T09:16:57Z,Yes,No,No,,4
2026-02-15T09:14:46Z,1011,0,4,4,49,925,1,2026-02-15T09:31:00Z,Yes,Yes,Yes,2002,5
2026-02-15T09:17:21Z,1006,3,1,4,27,1513,1,2026-02-15T09:43:01Z,Yes,Yes,No,,1
2026-02-15T09:30:05Z,1002,3,5,2,57,546,1,2026-02-15T09:40:08Z,Yes,Yes,No,,3
2026-02-15T09:51:27Z,1003,3,4,2,57,463,1,2026-02-15T10:00:07Z,Yes,Yes,No,,4
2026-02-15T09:59:49Z,1005,0,4,2,43,473,1,2026-02-15T10:08:25Z,Yes,Yes,Yes,2001,2
2026-02-15T10:12:59Z,1003,3,4,10,43,382,57,2026-02-15T10:20:04Z,Yes,No,No,,5
2026-02-15T10:16:06Z,1006,3,1,4,28,1405,1,2026-02-15T10:39:59Z,Yes,No,No,,5
2026-02-15T10:22:53Z,1012,3,1,4,46,1114,57,2026-02-15T10:42:13Z,No,No,No,,
2026-02-15T10:39:10Z,1006,1,1,10,54,2361,57,2026-02-15T11:19:25Z,No,Yes,No,,
2026-02-15T10:40:22Z,1011,0,1,10,30,806,57,2026-02-15T10:54:18Z,Yes,Yes,Yes,2005,3
2026-02-15T10:42:03Z,1006,3,4,4,53,363,57,2026-02-15T10:48:59Z,No,No,No,,
2026-02-15T10:54:14Z,1014,3,4,2,41,543,57,2026-02-15T11:03:58Z,No,No,No,,
2026-02-15T11:10:59Z,1014,1,1,2,38,1549,57,2026-02-15T11:37:26Z,No,Yes,No,,
2026-02-15T11:25:28Z,1008,0,4,2,22,379,57,2026-02-15T11:32:09Z,Yes,Yes,Yes,2002,2
2026-02-15T11:32:02Z,1005,0,1,4,57,1373,57,2026-02-15T11:55:52Z,Yes,Yes,Yes,2005,3
2026-02-15T11:32:44Z,1002,3,5,2,23,287,1,2026-02-15T11:37:54Z,No,Yes,No,,
2026-02-15T12:02:00Z,1003,3,4,4,58,259,1,2026-02-15T12:07:17Z,Yes,No,No,,5
2026-02-15T12:05:50Z,1008,3,1,10,53,2292,1,2026-02-15T12:44:55Z,Yes,Yes,No,,3
2026-02-15T12:07:18Z,1012,3,1,10,44,360,1,2026-02-15T12:14:02Z,Yes,Yes,No,,3
2026-02-15T12:10:23Z,1014,3,4,2,54,1657,57,2026-02-15T12:38:54Z,No,No,No,,
2026-02-15T12:57:08Z,1014,3,1,4,26,1199,57,2026-02-15T13:17:33Z,Yes,No,No,,3
2026-02-15T13:00:43Z,1011,3,1,4,27,406,57,2026-02-15T13:07:56Z,No,Yes,No,,
2026-02-15T13:04:16Z,1012,3,1,2,40,596,1,2026-02-15T13:14:52Z,No,Yes,No,,
2026-02-15T13:11:18Z,1008,3,1,10,53,372,1,2026-02-15T13:18:23Z,Yes,Yes,No,,3
2026-02-15T13:45:00Z,1006,3,1,4,42,1027,1,2026-02-15T14:02:49Z,No,No,No,,
2026-02-15T14:04:51Z,1011,3,1,10,30,860,1,2026-02-15T14:19:41Z,Yes,No,No,,5
2026-02-15T14:09:50Z,1006,1,1,10,27,313,1,2026-02-15T14:15:30Z,Yes,No,No,,5
2026-02-15T14:16:41Z,1003,3,1,4,40,331,1,2026-02-15T14:22:52Z,No,No,No,,
2026-02-15T14:21:11Z,1008,3,1,2,49,1883,1,2026-02-15T14:53:23Z,No,Yes,No,,
2026-02-15T14:26:10Z,1004,3,1,2,41,1245,1,2026-02-15T14:47:36Z,No,Yes,No,,
2026-02-15T14:26:48Z,1006,0,1,2,27,498,57,2026-02-15T14:35:33Z,No,Yes,Yes,2001,
2026-02-15T14:38:51Z,1008,3,1,2,34,1325,1,2026-02-15T15:01:30Z,Yes,Yes,No,,1
2026-02-15T14:56:43Z,1014,3,4,4,59,1434,1,2026-02-15T15:21:36Z,No,Yes,No,,
2026-02-15T15:04:00Z,1008,1,1,2,39,542,57,2026-02-15T15:13:41Z,Yes,Yes,No,,5
2026-02-15T15:35:57Z,1008,1,4,2,47,313,1,2026-02-15T15:41:57Z,Yes,No,No,,4
2026-02-15T15:41:14Z,1008,3,4,10,38,393,1,2026-02-15T15:48:25Z,Yes,No,No,,4
2026-02-15T15:53:36Z,1006,1,1,4,52,393,57,2026-02-15T16:01:01Z,No,Yes,No,,
2026-02-15T15:59:25Z,1007,3,1,4,53,422,1,2026-02-15T16:07:20Z,No,Yes,No,,
2026-02-15T16:20:10Z,1008,1,4,2,46,582,57,2026-02-15T16:30:38Z,No,No,No,,
2026-02-15T16:21:25Z,1007,3,4,10,48,1190,1,2026-02-15T16:42:03Z,No,No,No,,
2026-02-15T16:24:28Z,1006,3,5,10,46,1254,57,2026-02-15T16:46:08Z,Yes,Yes,No,,1
2026-02-15T16:29:46Z,1006,3,5,2,49,2327,1,2026-02-15T17:09:22Z,No,Yes,No,,
2026-02-15T16:35:26Z,1005,3,1,2,20,1540,1,2026-02-15T17:01:26Z,Yes,No,No,,1
2026-02-15T16:36:16Z,1007,0,5,2,45,1807,57,2026-02-15T17:07:08Z,No,Yes,Yes,2004,
2026-02-15T16:50:43Z,1007,3,4,10,44,327,1,2026-02-15T16:56:54Z,No,No,No,,
2026-02-15T16:54:32Z,1005,3,1,10,46,872,1,2026-02-15T17:09:50Z,No,No,No,,
2026-02-15T16:57:10Z,1005,3,1,4,30,1515,1,2026-02-15T17:22:55Z,Yes,Yes,No,,5
2026-02-15T17:10:41Z,1006,3,4,2,48,1367,1,2026-02-15T17:34:16Z,No,Yes,No,,
2026-02-15T17:33:52Z,1006,1,1,4,56,1027,1,2026-02-15T17:51:55Z,No,Yes,No,,
2026-02-15T17:36:22Z,1008,3,4,10,48,1989,1,2026-02-15T18:10:19Z,Yes,Yes,No,,2
2026-02-15T18:01:33Z,1008,3,1,10,60,1137,57,2026-02-15T18:21:30Z,Yes,Yes,No,,2
2026-02-15T18:04:45Z,1008,3,4,10,36,326,1,2026-02-15T18:10:47Z,No,Yes,No,,
2026-02-15T18:10:06Z,1007,3,1,10,59,421,1,2026-02-15T18:18:06Z,Yes,No,No,,5
2026-02-15T18:36:08Z,1007,3,4,4,34,590,1,2026-02-15T18:46:32Z,No,No,No,,
2026-02-15T18:39:12Z,1008,3,1,10,51,340,57,2026-02-15T18:45:43Z,No,Yes,No,,
2026-02-15T18:40:25Z,1006,3,4,2,45,853,57,2026-02-15T18:55:23Z,Yes,No,No,,1
2026-02-15T18:41:24Z,1006,3,4,2,57,880,1,2026-02-15T18:57:01Z,Yes,Yes,No,,1
2026-02-15T18:45:28Z,1007,3,4,2,54,491,1,2026-02-15T18:54:33Z,Yes,Yes,No,,5
2026-02-15T19:05:05Z,1008,3,5,2,43,1489,1,2026-02-15T19:30:37Z,Yes,Yes,No,,5
2026-02-15T19:36:17Z,1006,3,4,2,32,484,57,2026-02-15T19:44:53Z,Yes,No,No,,5
2026-02-15T19:54:06Z,1007,3,4,2,41,442,1,2026-02-15T20:02:09Z,No,Yes,No,,
2026-02-15T20:03:00Z,1005,3,4,10,24,331,1,2026-02-15T20:08:55Z,No,Yes,No,,
2026-02-15T20:12:39Z,1005,1,1,2,26,856,1,2026-02-15T20:27:21Z,Yes,Yes,No,,5
2026-02-15T20:16:38Z,1007,3,4,2,48,271,1,2026-02-15T20:21:57Z,Yes,Yes,No,,3
2026-02-15T20:22:18Z,1007,1,4,2,33,1697,57,2026-02-15T20:51:08Z,No,No,No,,
2026-02-15T20:35:24Z,1008,1,1,4,20,2003,1,2026-02-15T21:09:07Z,Yes,Yes,No,,2
2026-02-15T20:35:52Z,1007,3,1,10,49,2145,1,2026-02-15T21:12:26Z,Yes,Yes,No,,4
2026-02-15T20:45:45Z,1005,1,4,10,53,2399,1,2026-02-15T21:26:37Z,No,No,No,,
2026-02-15T20:46:49Z,1007,3,4,4,58,1865,57,2026-02-15T21:18:52Z,No,No,No,,
2026-02-15T20:49:10Z,1007,3,1,2,40,1158,1,2026-02-15T21:09:08Z,Yes,Yes,No,,1
2026-02-15T21:06:32Z,1008,3,1,10,48,348,1,2026-02-15T21:13:08Z,Yes,Yes,No,,4
2026-02-15T21:11:30Z,1005,3,1,10,56,1214,57,2026-02-15T21:32:40Z,No,No,No,,
2026-02-15T21:11:45Z,1008,3,1,10,31,322,57,2026-02-15T21:17:38Z,Yes,Yes,No,,1
2026-02-15T21:18:18Z,1006,3,1,10,40,2113,1,2026-02-15T21:54:11Z,No,No,No,,
2026-02-15T21:23:41Z,1005,3,4,4,25,469,57,2026-02-15T21:31:55Z,No,No,No,,
2026-02-15T21:24:23Z,1006,1,4,2,29,2340,57,2026-02-15T22:03:52Z,No,Yes,No,,
2026-02-15T21:27:03Z,1006,3,4,4,42,1746,5,2026-02-15T21:56:51Z,Yes,No,No,,1
2026-02-15T21:35:40Z,1006,1,1,1,52,242,5,2026-02-15T21:40:34Z,No,No,No,,
2026-02-15T21:38:42Z,1008,3,1,10,40,241,57,2026-02-15T21:43:23Z,Yes,No,No,,5
2026-02-15T21:50:14Z,1005,3,4,4,37,288,57,2026-02-15T21:55:39Z,Yes,Yes,No,,3
2026-02-15T22:03:21Z,1006,3,1,10,25,800,1,2026-02-15T22:17:06Z,Yes,No,No,,5
2026-02-15T22:08:20Z,1007,1,1,10,23,367,57,2026-02-15T22:14:50Z,Yes,No,No,,2
2026-02-15T22:08:50Z,1007,1,1,10,32,1594,57,2026-02-15T22:35:56Z,Yes,Yes,No,,1
2026-02-15T22:14:04Z,1007,3,4,2,29,284,1,2026-02-15T22:19:17Z,Yes,No,No,,3
2026-02-15T22:18:23Z,1007,3,4,4,22,1419,5,2026-02-15T22:42:24Z,Yes,Yes,No,,3
2026-02-15T22:24:36Z,1006,0,1,2,40,1447,1,2026-02-15T22:49:23Z,No,No,Yes,2003,
2026-02-15T22:27:51Z,1005,3,4,2,32,1318,57,2026-02-15T22:50:21Z,Yes,No,No,,1
2026-02-15T22:56:34Z,1007,3,4,2,36,1309,57,2026-02-15T23:18:59Z,No,Yes,No,,
2026-02-15T23:02:55Z,1011,3,1,1,40,399,5,2026-02-15T23:10:14Z,No,Yes,No,,
2026-02-15T23:13:28Z,1012,0,1,10,31,1853,57,2026-02-15T23:44:52Z,No,No,Yes,2003,
2026-02-15T23:16:10Z,1011,3,4,4,22,279,5,2026-02-15T23:21:11Z,Yes,Yes,No,,4
2026-02-15T23:16:11Z,1010,3,4,2,39,429,1,2026-02-15T23:23:59Z,Yes,No,No,,1
2026-02-15T23:25:14Z,1010,0,4,1,47,433,1,2026-02-15T23:33:14Z,No,No,Yes,2003,
2026-02-15T23:33:34Z,1010,3,5,4,45,465,5,2026-02-15T23:42:04Z,Yes,No,No,,2
2026-02-15T23:55:05Z,1010,3,4,2,55,515,5,2026-02-16T00:04:35Z,Yes,Yes,No,,5
2026-02-15T23:55:38Z,1012,3,4,10,46,272,5,2026-02-16T00:00:56Z,Yes,No,No,,4
2026-02-16T00:08:28Z,1012,1,4,1,46,2336,1,2026-02-16T00:48:10Z,Yes,Yes,No,,1
2026-02-16T00:31:03Z,1011,0,1,1,48,371,57,2026-02-16T00:38:02Z,Yes,No,Yes,2001,3
2026-02-16T00:54:55Z,1011,3,4,4,44,1863,1,2026-02-16T01:26:42Z,Yes,Yes,No,,3
2026-02-16T01:00:46Z,1009,3,4,10,43,1963,57,2026-02-16T01:34:12Z,No,Yes,No,,
2026-02-16T01:11:44Z,1012,3,4,10,35,814,57,2026-02-16T01:25:53Z,No,Yes,No,,
2026-02-16T01:13:20Z,1010,1,1,4,55,319,5,2026-02-16T01:19:34Z,No,Yes,No,,
2026-02-16T01:24:18Z,1009,1,4,4,39,341,5,2026-02-16T01:30:38Z,Yes,Yes,No,,5
2026-02-16T01:29:51Z,1012,3,4,2,42,1399,5,2026-02-16T01:53:52Z,Yes,Yes,No,,1
2026-02-16T01:37:41Z,1010,3,1,1,42,1040,1,2026-02-16T01:55:43Z,Yes,Yes,No,,2
2026-02-16T01:40:51Z,1010,3,1,4,42,965,5,2026-02-16T01:57:38Z,No,Yes,No,,
2026-02-16T01:43:34Z,1012,3,4,10,31,449,57,2026-02-16T01:51:34Z,No,Yes,No,,
2026-02-16T01:50:11Z,1012,3,4,10,20,471,1,2026-02-16T01:58:22Z,No,Yes,No,,
2026-02-16T02:00:50Z,1009,3,4,10,52,1351,1,2026-02-16T02:24:13Z,No,No,No,,
2026-02-16T02:05:06Z,1009,3,4,4,35,2207,1,2026-02-16T02:42:28Z,No,Yes,No,,
2026-02-16T02:14:04Z,1010,3,1,1,43,1142,5,2026-02-16T02:33:49Z,No,No,No,,
2026-02-16T02:21:18Z,1011,3,4,10,47,1889,1,2026-02-16T02:53:34Z,No,Yes,No,,
2026-02-16T02:33:01Z,1012,3,1,2,50,567,1,2026-02-16T02:43:18Z,Yes,Yes,No,,5
2026-02-16T02:37:01Z,1010,1,1,10,47,354,1,2026-02-16T02:43:42Z,No,Yes,No,,
2026-02-16T02:38:51Z,1012,3,1,4,22,1995,57,2026-02-16T03:12:28Z,Yes,Yes,No,,2
2026-02-16T03:07:59Z,1009,3,4,10,30,493,57,2026-02-16T03:16:42Z,Yes,No,No,,4
2026-02-16T03:22:03Z,1009,3,4,10,43,2227,1,2026-02-16T03:59:53Z,No,Yes,No,,
2026-02-16T03:32:55Z,1010,3,1,10,27,279,57,2026-02-16T03:38:01Z,No,No,No,,
2026-02-16T03:43:06Z,1010,3,4,2,57,401,1,2026-02-16T03:50:44Z,Yes,No,No,,4
2026-02-16T03:49:14Z,1011,3,1,2,34,510,57,2026-02-16T03:58:18Z,No,Yes,No,,
2026-02-16T03:57:50Z,1011,3,4,4,25,1738,57,2026-02-16T04:27:13Z,No,Yes,No,,
2026-02-16T04:11:16Z,1009,3,1,4,25,346,1,2026-02-16T04:17:27Z,Yes,No,No,,1
2026-02-16T04:11:17Z,1009,3,4,2,53,1628,1,2026-02-16T04:39:18Z,Yes,No,No,,2
2026-02-16T04:15:27Z,1010,1,4,4,57,281,1,2026-02-16T04:21:05Z,Yes,Yes,No,,3
2026-02-16T04:24:02Z,1012,3,1,2,49,1593,1,2026-02-16T04:51:24Z,No,No,No,,
2026-02-16T04:41:07Z,1010,3,4,2,41,1598,1,2026-02-16T05:08:26Z,Yes,No,No,,1
2026-02-16T04:46:42Z,1011,3,1,2,56,1314,1,2026-02-16T05:09:32Z,Yes,Yes,No,,4
2026-02-16T05:00:58Z,1012,3,1,10,30,1562,1,2026-02-16T05:27:30Z,No,Yes,No,,
2026-02-16T05:06:12Z,1011,3,1,2,48,484,1,2026-02-16T05:15:04Z,No,Yes,No,,
2026-02-16T05:23:54Z,1010,3,4,4,21,1568,1,2026-02-16T05:50:23Z,Yes,Yes,No,,4
2026-02-16T05:26:39Z,1009,3,1,2,22,563,1,2026-02-16T05:36:24Z,No,No,No,,
2026-02-16T05:38:51Z,1010,3,1,10,30,485,1,2026-02-16T05:47:26Z,No,No,No,,
2026-02-16T05:45:55Z,1011,1,4,4,39,2253,1,2026-02-16T06:24:07Z,Yes,Yes,No,,2
2026-02-16T05:50:07Z,1011,1,1,4,60,253,1,2026-02-16T05:55:20Z,No,Yes,No,,
2026-02-16T06:06:25Z,1009,0,4,4,31,304,57,2026-02-16T06:12:00Z,No,No,Yes,2001,
2026-02-16T06:29:11Z,1009,3,4,10,60,368,1,2026-02-16T06:36:19Z,Yes,No,No,,5
2026-02-16T06:35:37Z,1012,3,1,10,60,241,1,2026-02-16T06:40:38Z,No,Yes,No,,
2026-02-16T06:39:50Z,1011,3,1,4,52,1990,1,2026-02-16T07:13:52Z,Yes,No,No,,3
2026-02-16T06:43:57Z,1011,3,4,2,46,1940,1,2026-02-16T07:17:03Z,No,Yes,No,,
2026-02-16T06:52:53Z,1012,3,1,2,49,290,57,2026-02-16T06:58:32Z,Yes,Yes,No,,5
2026-02-16T07:04:45Z,1004,1,4,2,28,262,1,2026-02-16T07:09:35Z,Yes,No,No,,1
2026-02-16T07:15:11Z,1012,3,1,4,41,2065,1,2026-02-16T07:50:17Z,Yes,No,No,,2
2026-02-16T07:24:15Z,1012,3,4,4,26,431,1,2026-02-16T07:31:52Z,No,Yes,No,,
2026-02-16T07:29:07Z,1005,3,1,2,53,1382,1,2026-02-16T07:53:02Z,Yes,No,No,,2
2026-02-16T07:29:28Z,1013,0,4,4,30,1510,1,2026-02-16T07:55:08Z,No,Yes,Yes,2001,
2026-02-16T07:42:11Z,1001,1,1,2,43,1280,57,2026-02-16T08:04:14Z,Yes,Yes,No,,1
2026-02-16T08:02:37Z,1012,3,1,10,52,1750,1,2026-02-16T08:32:39Z,Yes,Yes,No,,4
2026-02-16T08:03:11Z,1014,3,1,2,35,439,57,2026-02-16T08:11:05Z,Yes,No,No,,4
2026-02-16T08:16:51Z,1013,3,1,4,28,548,57,2026-02-16T08:26:27Z,No,No,No,,
2026-02-16T08:17:26Z,1003,3,4,4,30,577,1,2026-02-16T08:27:33Z,No,No,No,,
2026-02-16T08:19:57Z,1009,3,1,4,50,527,57,2026-02-16T08:29:34Z,Yes,Yes,No,,4
2026-02-16T08:21:12Z,1014,3,4,4,20,1283,1,2026-02-16T08:42:55Z,No,Yes,No,,
2026-02-16T08:21:50Z,1012,3,1,10,50,2038,57,2026-02-16T08:56:38Z,No,Yes,No,,
2026-02-16T08:27:08Z,1010,0,4,4,22,2144,1,2026-02-16T09:03:14Z,No,No,Yes,2004,
2026-02-16T08:28:59Z,1012,0,4,2,22,835,1,2026-02-16T08:43:16Z,Yes,No,Yes,2002,4
2026-02-16T08:35:56Z,1003,3,1,2,34,2260,57,2026-02-16T09:14:10Z,Yes,Yes,No,,5
2026-02-16T08:38:39Z,1002,3,1,4,27,252,1,2026-02-16T08:43:18Z,No,Yes,No,,
2026-02-16T08:44:00Z,1003,3,2,10,49,1307,1,2026-02-16T09:06:36Z,Yes,No,No,,1
2026-02-16T08:57:57Z,1013,1,4,10,49,346,1,2026-02-16T09:04:32Z,No,No,No,,
2026-02-16T08:58:51Z,1009,1,4,4,55,564,57,2026-02-16T09:09:10Z,No,Yes,No,,
2026-02-16T09:05:54Z,1002,3,4,10,24,571,1,2026-02-16T09:15:49Z,Yes,No,No,,4
2026-02-16T09:08:33Z,1009,3,1,10,46,526,57,2026-02-16T09:18:05Z,No,Yes,No,,
2026-02-16T09:37:10Z,1006,1,4,4,41,354,1,2026-02-16T09:43:45Z,Yes,No,No,,1
2026-02-16T09:43:31Z,1008,0,1,2,39,1978,1,2026-02-16T10:17:08Z,No,Yes,Yes,2004,
2026-02-16T09:45:04Z,1010,3,1,2,50,2208,1,2026-02-16T10:22:42Z,No,Yes,No,,
2026-02-16T09:48:14Z,1010,3,4,4,37,256,1,2026-02-16T09:53:07Z,No,Yes,No,,
2026-02-16T10:04:31Z,1002,1,1,2,25,1207,1,2026-02-16T10:25:03Z,No,Yes,No,,
2026-02-16T10:12:52Z,1001,0,1,4,42,2141,57,2026-02-16T10:49:15Z,No,No,Yes,2002,
2026-02-16T10:13:13Z,1004,3,4,2,57,1876,1,2026-02-16T10:45:26Z,No,Yes,No,,
2026-02-16T10:18:03Z,1001,1,4,2,21,583,1,2026-02-16T10:28:07Z,Yes,Yes,No,,3
2026-02-16T10:20:07Z,1007,3,4,2,37,1258,1,2026-02-16T10:41:42Z,No,No,No,,
2026-02-16T10:22:44Z,1002,1,1,4,29,1806,57,2026-02-16T10:53:19Z,No,Yes,No,,
2026-02-16T10:25:15Z,1009,3,1,2,30,1683,1,2026-02-16T10:53:48Z,Yes,Yes,No,,1
2026-02-16T10:27:17Z,1008,1,1,10,59,2163,1,2026-02-16T11:04:19Z,No,Yes,No,,
2026-02-16T10:37:13Z,1010,1,1,10,53,1271,57,2026-02-16T10:59:17Z,No,Yes,No,,
2026-02-16T10:42:58Z,1012,1,4,2,59,426,1,2026-02-16T10:51:03Z,Yes,No,No,,4
2026-02-16T10:44:05Z,1011,3,1,2,60,273,1,2026-02-16T10:49:38Z,No,No,No,,
2026-02-16T11:27:51Z,1005,3,1,3,44,339,57,2026-02-16T11:34:14Z,Yes,Yes,No,,4
2026-02-16T11:41:35Z,1001,3,4,2,27,377,57,2026-02-16T11:48:19Z,Yes,No,No,,4
2026-02-16T11:42:19Z,1009,1,5,4,60,281,57,2026-02-16T11:48:00Z,No,Yes,No,,
2026-02-16T11:47:04Z,1009,3,5,2,54,470,1,2026-02-16T11:55:48Z,Yes,Yes,No,,3
2026-02-16T11:54:30Z,1007,1,1,10,36,517,1,2026-02-16T12:03:43Z,No,No,No,,
2026-02-16T12:05:22Z,1012,3,4,10,53,1851,57,2026-02-16T12:37:06Z,No,No,No,,
2026-02-16T12:06:04Z,1007,3,4,2,40,1575,57,2026-02-16T12:32:59Z,Yes,Yes,No,,5
2026-02-16T12:19:06Z,1013,13,4,3,50,404,57,2026-02-16T12:26:40Z,Yes,Yes,No,,3
2026-02-16T12:26:39Z,1009,9,4,3,46,248,1,2026-02-16T12:31:33Z,No,Yes,No,,
2026-02-16T12:26:45Z,1014,3,4,3,23,375,1,2026-02-16T12:33:23Z,Yes,Yes,No,,3
2026-02-16T12:31:32Z,1004,3,1,2,43,275,1,2026-02-16T12:36:50Z,Yes,No,No,,2
2026-02-16T12:35:57Z,1006,1,4,3,31,2114,1,2026-02-16T13:11:42Z,No,Yes,No,,
2026-02-16T12:56:02Z,1007,3,1,10,30,511,1,2026-02-16T13:05:03Z,No,No,No,,
2026-02-16T12:57:53Z,1013,13,1,2,34,493,1,2026-02-16T13:06:40Z,Yes,Yes,No,,5
2026-02-16T12:58:08Z,1009,13,1,4,20,408,57,2026-02-16T13:05:16Z,Yes,No,No,,1
2026-02-16T13:15:23Z,1003,1,2,2,36,599,57,2026-02-16T13:25:58Z,Yes,Yes,No,,1
2026-02-16T13:24:24Z,1009,1,1,4,22,1542,1,2026-02-16T13:50:28Z,No,Yes,No,,
2026-02-16T13:30:21Z,1002,1,4,2,28,310,1,2026-02-16T13:35:59Z,No,No,No,,
2026-02-16T13:50:32Z,1001,13,4,4,58,432,57,2026-02-16T13:58:42Z,Yes,No,No,,4
2026-02-16T13:50:39Z,1010,3,4,2,28,1944,1,2026-02-16T14:23:31Z,Yes,Yes,No,,4
2026-02-16T13:50:43Z,1002,0,4,10,57,2159,1,2026-02-16T14:27:39Z,Yes,Yes,Yes,2001,4
2026-02-16T14:05:15Z,1007,1,1,10,30,273,1,2026-02-16T14:10:18Z,No,Yes,No,,
2026-02-16T14:06:14Z,1011,1,4,2,41,275,57,2026-02-16T14:11:30Z,No,No,No,,
2026-02-16T14:18:17Z,1004,3,4,10,46,497,57,2026-02-16T14:27:20Z,No,No,No,,
2026-02-16T14:27:48Z,1012,0,4,2,44,1582,57,2026-02-16T14:54:54Z,Yes,Yes,Yes,2002,4
2026-02-16T14:30:02Z,1006,1,4,2,33,401,1,2026-02-16T14:37:16Z,Yes,No,No,,2
2026-02-16T14:50:42Z,1009,3,1,10,32,520,1,2026-02-16T14:59:54Z,No,No,No,,
2026-02-16T14:52:23Z,1003,10,4,4,57,2202,1,2026-02-16T15:30:02Z,No,Yes,No,,
2026-02-16T15:02:39Z,1006,10,1,10,22,2086,1,2026-02-16T15:37:47Z,No,Yes,No,,
2026-02-16T15:03:47Z,1008,13,4,2,53,393,1,2026-02-16T15:11:13Z,Yes,Yes,No,,1
2026-02-16T15:09:55Z,1006,0,1,10,27,354,57,2026-02-16T15:16:16Z,Yes,Yes,Yes,2005,3
2026-02-16T15:16:08Z,1005,0,4,3,30,2238,57,2026-02-16T15:53:56Z,No,No,Yes,2003,
2026-02-16T15:16:37Z,1007,3,1,2,29,425,1,2026-02-16T15:24:11Z,Yes,Yes,No,,2
2026-02-16T15:24:41Z,1005,1,4,2,25,576,1,2026-02-16T15:34:42Z,No,No,No,,
2026-02-16T15:25:37Z,1006,3,1,3,20,273,1,2026-02-16T15:30:30Z,No,No,No,,
2026-02-16T15:46:16Z,1005,13,4,2,49,339,1,2026-02-16T15:52:44Z,Yes,No,No,,1
2026-02-16T15:48:45Z,1008,4,1,4,49,376,57,2026-02-16T15:55:50Z,No,Yes,No,,
2026-02-16T15:53:35Z,1008,4,4,10,26,595,57,2026-02-16T16:03:56Z,Yes,Yes,No,,3
2026-02-16T15:59:01Z,1008,9,4,2,56,244,1,2026-02-16T16:04:01Z,No,No,No,,
2026-02-16T16:02:57Z,1005,13,4,3,45,1584,1,2026-02-16T16:30:06Z,No,Yes,No,,
2026-02-16T16:08:45Z,1007,4,1,3,55,1558,57,2026-02-16T16:35:38Z,Yes,Yes,No,,3
2026-02-16T16:35:04Z,1007,1,1,2,39,2270,1,2026-02-16T17:13:33Z,No,Yes,No,,
2026-02-16T16:42:32Z,1006,0,1,10,42,426,57,2026-02-16T16:50:20Z,Yes,No,Yes,2001,3
2026-02-16T16:43:20Z,1008,9,4,10,34,1587,1,2026-02-16T17:10:21Z,Yes,No,No,,1
2026-02-16T16:48:35Z,1007,1,1,3,52,561,57,2026-02-16T16:58:48Z,No,Yes,No,,
2026-02-16T16:52:55Z,1008,3,4,10,45,911,57,2026-02-16T17:08:51Z,No,No,No,,
2026-02-16T17:00:17Z,1007,3,1,10,60,2052,57,2026-02-16T17:35:29Z,No,Yes,No,,
2026-02-16T17:10:29Z,1006,1,4,3,41,2076,1,2026-02-16T17:45:46Z,No,Yes,No,,
2026-02-16T17:17:03Z,1007,2,4,2,26,369,1,2026-02-16T17:23:38Z,No,Yes,No,,
2026-02-16T17:26:27Z,1005,10,1,2,31,2396,1,2026-02-16T18:06:54Z,Yes,Yes,No,,2
2026-02-16T17:37:59Z,1006,2,1,4,55,256,57,2026-02-16T17:43:10Z,No,Yes,No,,
2026-02-16T18:17:31Z,1008,0,1,10,58,498,1,2026-02-16T18:26:47Z,Yes,Yes,Yes,2001,2
2026-02-16T18:26:56Z,1008,1,1,2,52,405,1,2026-02-16T18:34:33Z,No,Yes,No,,
2026-02-16T18:40:04Z,1008,1,1,10,58,417,1,2026-02-16T18:47:59Z,Yes,No,No,,1
2026-02-16T18:41:10Z,1005,2,1,2,57,2243,1,2026-02-16T19:19:30Z,Yes,Yes,No,,2
2026-02-16T18:54:27Z,1008,13,4,10,43,500,1,2026-02-16T19:03:30Z,No,No,No,,
2026-02-16T19:10:49Z,1005,1,4,4,50,453,57,2026-02-16T19:19:12Z,Yes,No,No,,2
2026-02-16T19:22:07Z,1005,3,4,4,37,505,1,2026-02-16T19:31:09Z,Yes,Yes,No,,2
2026-02-16T19:30:05Z,1006,0,1,2,20,1930,1,2026-02-16T20:02:35Z,Yes,Yes,Yes,2001,5
2026-02-16T19:34:21Z,1005,3,1,2,24,1030,1,2026-02-16T19:51:55Z,No,No,No,,
2026-02-16T19:42:44Z,1005,13,4,10,40,1313,1,2026-02-16T20:05:17Z,Yes,No,No,,1
2026-02-16T19:50:12Z,1008,9,4,2,48,452,1,2026-02-16T19:58:32Z,Yes,Yes,No,,1
2026-02-16T19:54:14Z,1005,13,1,10,60,833,1,2026-02-16T20:09:07Z,Yes,No,No,,3
2026-02-16T20:03:10Z,1007,10,4,4,34,964,1,2026-02-16T20:19:48Z,No,No,No,,
2026-02-16T20:08:36Z,1005,9,1,10,45,2160,1,2026-02-16T20:45:21Z,Yes,No,No,,5
2026-02-16T20:10:56Z,1006,13,4,4,55,2270,1,2026-02-16T20:49:41Z,Yes,Yes,No,,3
2026-02-16T20:15:09Z,1005,3,1,4,49,1161,1,2026-02-16T20:35:19Z,No,Yes,No,,
2026-02-16T20:16:08Z,1006,3,5,2,58,1658,1,2026-02-16T20:44:44Z,No,Yes,No,,
2026-02-16T20:27:00Z,1005,1,5,10,39,1886,57,2026-02-16T20:59:05Z,Yes,No,No,,3
2026-02-16T20:42:48Z,1005,0,1,2,53,1235,1,2026-02-16T21:04:16Z,No,Yes,Yes,2001,
2026-02-16T20:49:32Z,1007,2,1,10,20,545,1,2026-02-16T20:58:57Z,No,Yes,No,,
2026-02-16T20:59:19Z,1006,10,1,4,43,1366,1,2026-02-16T21:22:48Z,No,No,No,,
2026-02-16T21:05:51Z,1007,2,1,4,23,428,57,2026-02-16T21:13:22Z,Yes,Yes,No,,2
2026-02-16T21:06:11Z,1005,13,1,2,25,2209,1,2026-02-16T21:43:25Z,No,Yes,No,,
2026-02-16T21:22:08Z,1008,3,4,10,50,2027,1,2026-02-16T21:56:45Z,Yes,Yes,No,,5
2026-02-16T21:36:07Z,1007,3,1,2,46,250,1,2026-02-16T21:41:03Z,Yes,No,No,,2
2026-02-16T22:03:50Z,1006,1,1,4,29,579,1,2026-02-16T22:13:58Z,No,No,No,,
2026-02-16T22:04:43Z,1008,0,1,4,46,249,57,2026-02-16T22:09:38Z,Yes,Yes,Yes,2003,2
2026-02-16T22:28:50Z,1007,2,1,4,34,1479,1,2026-02-16T22:54:03Z,No,No,No,,
2026-02-16T22:56:37Z,1006,10,1,10,37,253,1,2026-02-16T23:01:27Z,Yes,No,No,,5
2026-02-16T23:01:57Z,1009,10,4,2,52,270,1,2026-02-16T23:07:19Z,Yes,No,No,,4
2026-02-16T23:12:45Z,1011,3,4,4,23,452,1,2026-02-16T23:20:40Z,Yes,Yes,No,,5
2026-02-16T23:14:01Z,1010,2,1,10,51,393,57,2026-02-16T23:21:25Z,Yes,Yes,No,,5
2026-02-16T23:20:17Z,1009,0,1,4,51,1890,1,2026-02-16T23:52:38Z,No,Yes,Yes,2003,
2026-02-16T23:22:39Z,1010,13,1,4,53,2386,1,2026-02-17T00:03:18Z,No,Yes,No,,
2026-02-16T23:30:16Z,1009,2,1,10,26,2028,1,2026-02-17T00:04:30Z,Yes,Yes,No,,4
2026-02-16T23:56:29Z,1011,0,1,10,33,420,5,2026-02-17T00:04:02Z,Yes,No,Yes,2004,5
2026-02-17T00:15:53Z,1012,0,1,10,51,1539,1,2026-02-17T00:42:23Z,Yes,No,Yes,2005,1
2026-02-17T00:20:14Z,1012,3,1,2,38,545,1,2026-02-17T00:29:57Z,No,Yes,No,,
2026-02-17T00:30:11Z,1011,1,4,4,40,339,1,2026-02-17T00:36:30Z,Yes,No,No,,2
2026-02-17T00:30:57Z,1012,13,1,10,49,517,1,2026-02-17T00:40:23Z,Yes,No,No,,3
2026-02-17T00:33:42Z,1012,1,4,2,38,1169,57,2026-02-17T00:53:49Z,No,Yes,No,,
2026-02-17T00:41:30Z,1010,3,1,10,56,830,5,2026-02-17T00:56:16Z,No,No,No,,
2026-02-17T00:42:15Z,1009,3,1,2,29,466,5,2026-02-17T00:50:30Z,Yes,No,No,,4
2026-02-17T00:47:45Z,1011,2,4,4,21,1512,1,2026-02-17T01:13:18Z,No,Yes,No,,
2026-02-17T00:50:18Z,1012,1,4,4,25,2153,57,2026-02-17T01:26:36Z,No,No,No,,
2026-02-17T00:53:57Z,1012,3,1,10,57,334,5,2026-02-17T01:00:28Z,No,Yes,No,,
2026-02-17T01:01:25Z,1011,3,1,2,20,1018,57,2026-02-17T01:18:43Z,No,No,No,,
2026-02-17T01:04:02Z,1012,0,4,4,50,405,57,2026-02-17T01:11:37Z,No,No,Yes,2002,
2026-02-17T01:08:25Z,1009,3,1,2,41,479,5,2026-02-17T01:17:05Z,No,No,No,,
2026-02-17T01:12:45Z,1011,3,4,2,31,2310,57,2026-02-17T01:51:46Z,No,Yes,No,,
2026-02-17T01:17:40Z,1009,3,1,2,22,1739,57,2026-02-17T01:47:01Z,Yes,No,No,,2
2026-02-17T01:24:16Z,1010,3,1,10,26,514,57,2026-02-17T01:33:16Z,No,No,No,,
2026-02-17T01:32:41Z,1010,3,1,4,21,2105,57,2026-02-17T02:08:07Z,Yes,No,No,,4
2026-02-17T01:34:19Z,1011,3,4,4,53,2292,57,2026-02-17T02:13:24Z,No,Yes,No,,
2026-02-17T01:43:08Z,1011,1,1,10,51,1687,5,2026-02-17T02:12:06Z,Yes,Yes,No,,5
2026-02-17T01:47:54Z,1009,3,4,10,29,1800,57,2026-02-17T02:18:23Z,No,No,No,,
2026-02-17T02:12:31Z,1009,1,1,4,50,1866,5,2026-02-17T02:44:27Z,Yes,Yes,No,,4
2026-02-17T02:21:54Z,1010,3,4,10,35,446,1,2026-02-17T02:29:55Z,Yes,No,No,,4
2026-02-17T02:25:34Z,1012,3,4,2,51,1503,5,2026-02-17T02:51:28Z,Yes,Yes,No,,2
2026-02-17T02:27:21Z,1012,3,4,10,30,1482,1,2026-02-17T02:52:33Z,No,No,No,,
2026-02-17T02:32:00Z,1010,0,1,10,42,409,5,2026-02-17T02:39:31Z,No,No,Yes,2003,
2026-02-17T02:52:00Z,1010,1,4,10,31,375,57,2026-02-17T02:58:46Z,Yes,Yes,No,,4
2026-02-17T02:52:37Z,1011,3,4,4,35,1335,57,2026-02-17T03:15:27Z,No,Yes,No,,
2026-02-17T02:55:26Z,1010,3,1,2,28,544,57,2026-02-17T03:04:58Z,Yes,Yes,No,,1
2026-02-17T03:07:45Z,1009,3,4,10,26,338,57,2026-02-17T03:13:49Z,Yes,No,No,,5
2026-02-17T03:09:32Z,1009,1,4,10,49,304,57,2026-02-17T03:15:25Z,Yes,No,No,,3
2026-02-17T03:20:41Z,1010,0,5,2,50,265,5,2026-02-17T03:25:56Z,Yes,Yes,Yes,2005,4
2026-02-17T03:22:03Z,1012,3,1,10,21,502,5,2026-02-17T03:30:46Z,No,No,No,,
2026-02-17T03:23:30Z,1011,1,1,10,52,410,57,2026-02-17T03:31:12Z,No,Yes,No,,
2026-02-17T03:30:59Z,1010,3,1,10,48,1038,1,2026-02-17T03:49:05Z,No,Yes,No,,
2026-02-17T03:39:42Z,1009,1,4,10,37,2374,57,2026-02-17T04:19:53Z,No,Yes,No,,
2026-02-17T04:02:16Z,1009,0,1,4,44,398,1,2026-02-17T04:09:38Z,No,No,Yes,2004,
2026-02-17T04:11:36Z,1012,3,1,4,47,954,5,2026-02-17T04:28:17Z,Yes,No,No,,4
2026-02-17T04:32:57Z,1011,0,1,2,31,376,57,2026-02-17T04:39:44Z,Yes,No,Yes,2002,2
2026-02-17T04:33:21Z,1011,3,5,10,48,463,1,2026-02-17T04:41:52Z,No,Yes,No,,
2026-02-17T04:33:50Z,1010,3,1,4,35,343,57,2026-02-17T04:40:08Z,Yes,No,No,,1
2026-02-17T04:34:05Z,1011,3,4,10,45,489,1,2026-02-17T04:42:59Z,No,Yes,No,,
2026-02-17T04:44:24Z,1009,1,4,2,58,977,1,2026-02-17T05:01:39Z,No,Yes,No,,
2026-02-17T04:46:03Z,1009,3,4,10,35,360,57,2026-02-17T04:52:38Z,No,Yes,No,,
2026-02-17T04:53:20Z,1012,0,4,10,57,1896,1,2026-02-17T05:25:53Z,No,Yes,Yes,2004,
2026-02-17T04:56:08Z,1011,3,4,2,38,336,1,2026-02-17T05:02:22Z,No,No,No,,
2026-02-17T05:14:25Z,1011,1,4,10,22,1278,1,2026-02-17T05:36:05Z,Yes,No,No,,5
2026-02-17T05:17:08Z,1010,3,4,4,50,454,57,2026-02-17T05:25:32Z,No,No,No,,
2026-02-17T05:27:21Z,1010,3,4,2,27,353,1,2026-02-17T05:33:41Z,No,No,No,,
2026-02-17T05:27:55Z,1010,3,4,10,58,824,1,2026-02-17T05:42:37Z,Yes,No,No,,2
2026-02-17T05:28:35Z,1012,0,4,2,56,1741,57,2026-02-17T05:58:32Z,Yes,Yes,Yes,2001,3
2026-02-17T05:34:23Z,1010,1,1,2,57,510,57,2026-02-17T05:43:50Z,No,Yes,No,,
2026-02-17T05:43:19Z,1012,3,4,2,38,372,1,2026-02-17T05:50:09Z,Yes,Yes,No,,1
2026-02-17T05:45:50Z,1009,3,1,2,59,303,57,2026-02-17T05:51:52Z,Yes,Yes,No,,2
2026-02-17T05:45:54Z,1012,0,4,4,23,491,57,2026-02-17T05:54:28Z,Yes,No,Yes,2004,3
2026-02-17T06:13:12Z,1012,1,4,10,21,1961,57,2026-02-17T06:46:14Z,No,No,No,,
2026-02-17T06:36:49Z,1012,3,1,2,51,446,57,2026-02-17T06:45:06Z,No,No,No,,
2026-02-17T06:57:16Z,1009,0,1,4,47,368,57,2026-02-17T07:04:11Z,No,Yes,Yes,2004,
2026-02-17T07:08:16Z,1010,3,1,10,33,405,1,2026-02-17T07:15:34Z,Yes,No,No,,4
2026-02-17T07:17:25Z,1013,1,1,2,54,2163,57,2026-02-17T07:54:22Z,Yes,No,No,,4
2026-02-17T07:25:03Z,1004,3,1,4,40,489,1,2026-02-17T07:33:52Z,Yes,Yes,No,,4
2026-02-17T07:30:22Z,1003,3,1,10,24,2210,1,2026-02-17T08:07:36Z,Yes,No,No,,3
2026-02-17T07:31:39Z,1004,3,4,2,47,1703,1,2026-02-17T08:00:49Z,No,Yes,No,,
2026-02-17T07:31:45Z,1003,3,4,10,39,1538,57,2026-02-17T07:58:02Z,No,Yes,No,,
2026-02-17T07:41:11Z,1010,3,4,2,40,304,1,2026-02-17T07:46:55Z,Yes,Yes,No,,1
2026-02-17T07:41:34Z,1006,1,1,10,35,416,57,2026-02-17T07:49:05Z,No,Yes,No,,
2026-02-17T08:07:45Z,1005,1,4,10,28,1147,57,2026-02-17T08:27:20Z,Yes,No,No,,5
2026-02-17T08:12:15Z,1001,1,1,10,57,464,1,2026-02-17T08:20:56Z,Yes,No,No,,5
2026-02-17T08:23:41Z,1002,3,4,2,41,2310,57,2026-02-17T09:02:52Z,Yes,No,No,,3
2026-02-17T08:26:01Z,1007,3,1,10,23,390,57,2026-02-17T08:32:54Z,Yes,No,No,,2
2026-02-17T08:27:00Z,1004,3,1,10,26,1286,1,2026-02-17T08:48:52Z,Yes,No,No,,1
2026-02-17T08:40:29Z,1005,3,1,4,55,440,57,2026-02-17T08:48:44Z,Yes,Yes,No,,2
2026-02-17T08:46:34Z,1003,3,1,2,57,822,1,2026-02-17T09:01:13Z,Yes,Yes,No,,3
2026-02-17T09:08:10Z,1002,0,4,4,42,568,1,2026-02-17T09:18:20Z,Yes,No,Yes,2003,1
2026-02-17T09:31:52Z,1012,3,4,2,47,399,57,2026-02-17T09:39:18Z,Yes,Yes,No,,5
2026-02-17T09:50:03Z,1009,0,4,4,38,270,1,2026-02-17T09:55:11Z,Yes,Yes,Yes,2003,3
2026-02-17T09:54:46Z,1008,3,4,2,60,494,57,2026-02-17T10:04:00Z,Yes,Yes,No,,5
2026-02-17T10:02:58Z,1008,3,1,4,43,1586,1,2026-02-17T10:30:07Z,No,No,No,,
2026-02-17T10:11:50Z,1011,0,4,4,52,2157,1,2026-02-17T10:48:39Z,Yes,Yes,Yes,2002,2
2026-02-17T10:14:30Z,1012,3,1,2,36,320,1,2026-02-17T10:20:26Z,No,No,No,,
2026-02-17T10:20:13Z,1010,0,1,4,35,1061,1,2026-02-17T10:38:29Z,No,Yes,Yes,2005,
2026-02-17T10:20:57Z,1003,3,1,2,20,1412,57,2026-02-17T10:44:49Z,Yes,Yes,No,,2
2026-02-17T10:23:21Z,1008,1,4,4,46,1535,57,2026-02-17T10:49:42Z,Yes,Yes,No,,1
2026-02-17T10:25:09Z,1013,1,4,4,58,1336,57,2026-02-17T10:48:23Z,Yes,No,No,,4
2026-02-17T10:35:29Z,1006,3,4,4,39,524,1,2026-02-17T10:44:52Z,No,No,No,,
2026-02-17T11:01:18Z,1004,1,1,10,25,1974,57,2026-02-17T11:34:37Z,Yes,No,No,,2
2026-02-17T11:07:19Z,1004,3,4,10,24,317,1,2026-02-17T11:13:00Z,Yes,Yes,No,,4
2026-02-17T11:13:03Z,1007,3,4,2,24,506,57,2026-02-17T11:21:53Z,Yes,Yes,No,,4
2026-02-17T11:30:51Z,1008,3,4,2,56,867,1,2026-02-17T11:46:14Z,Yes,Yes,No,,3
2026-02-17T11:38:49Z,1014,0,1,4,55,328,1,2026-02-17T11:45:12Z,Yes,Yes,Yes,2003,5
2026-02-17T11:54:08Z,1006,1,4,10,58,360,1,2026-02-17T12:01:06Z,Yes,Yes,No,,2
2026-02-17T11:59:47Z,1006,1,1,4,56,390,1,2026-02-17T12:07:13Z,No,Yes,No,,
2026-02-17T12:02:43Z,1005,1,1,4,57,1003,1,2026-02-17T12:20:23Z,Yes,Yes,No,,2
2026-02-17T12:24:40Z,1007,3,4,4,40,376,57,2026-02-17T12:31:36Z,Yes,Yes,No,,2
2026-02-17T12:26:47Z,1001,3,1,4,56,486,57,2026-02-17T12:35:49Z,Yes,Yes,No,,4
2026-02-17T12:32:34Z,1009,1,1,2,50,1912,1,2026-02-17T13:05:16Z,Yes,Yes,No,,2
2026-02-17T12:46:34Z,1001,3,1,2,31,446,57,2026-02-17T12:54:31Z,No,No,No,,
2026-02-17T12:47:03Z,1009,3,4,4,21,1038,1,2026-02-17T13:04:42Z,Yes,No,No,,5
2026-02-17T12:51:15Z,1014,3,1,2,47,281,1,2026-02-17T12:56:43Z,No,No,No,,
2026-02-17T12:54:32Z,1007,1,1,10,56,323,1,2026-02-17T13:00:51Z,Yes,No,No,,1
2026-02-17T13:03:15Z,1011,1,1,4,57,479,1,2026-02-17T13:12:11Z,Yes,Yes,No,,4
2026-02-17T13:12:36Z,1013,3,1,2,46,1345,57,2026-02-17T13:35:47Z,Yes,No,No,,1
2026-02-17T13:16:37Z,1003,3,4,4,51,354,57,2026-02-17T13:23:22Z,No,No,No,,
2026-02-17T13:21:24Z,1002,0,1,4,30,1457,57,2026-02-17T13:46:11Z,No,Yes,Yes,2001,
2026-02-17T13:31:12Z,1009,3,1,2,57,2069,1,2026-02-17T14:06:38Z,Yes,Yes,No,,3
2026-02-17T13:50:01Z,1008,0,1,2,22,1928,57,2026-02-17T14:22:31Z,No,No,Yes,2001,
2026-02-17T13:50:55Z,1012,3,1,4,48,504,57,2026-02-17T14:00:07Z,No,Yes,No,,
2026-02-17T14:01:40Z,1008,3,4,2,46,470,1,2026-02-17T14:10:16Z,Yes,No,No,,4
2026-02-17T14:03:08Z,1005,3,4,2,27,824,1,2026-02-17T14:17:19Z,Yes,Yes,No,,2
2026-02-17T14:12:26Z,1002,3,4,2,20,1574,1,2026-02-17T14:39:00Z,Yes,Yes,No,,1
2026-02-17T14:12:48Z,1005,3,1,2,32,2355,1,2026-02-17T14:52:35Z,No,Yes,No,,
2026-02-17T14:27:56Z,1010,3,4,2,24,1107,57,2026-02-17T14:46:47Z,Yes,No,No,,3
2026-02-17T14:31:46Z,1007,1,1,10,53,910,57,2026-02-17T14:47:49Z,No,No,No,,
2026-02-17T14:36:23Z,1004,3,4,4,45,257,1,2026-02-17T14:41:25Z,No,No,No,,
2026-02-17T14:53:58Z,1004,3,1,10,55,1324,57,2026-02-17T15:16:57Z,No,No,No,,
2026-02-17T15:44:53Z,1006,3,1,4,41,389,1,2026-02-17T15:52:03Z,No,Yes,No,,
2026-02-17T15:46:37Z,1005,0,4,2,40,336,1,2026-02-17T15:52:53Z,No,No,Yes,2003,
2026-02-17T15:49:44Z,1006,1,1,4,43,1265,1,2026-02-17T16:11:32Z,No,Yes,No,,
2026-02-17T16:04:39Z,1007,3,4,2,57,544,57,2026-02-17T16:14:40Z,No,Yes,No,,
2026-02-17T16:07:02Z,1008,1,4,2,36,1755,1,2026-02-17T16:36:53Z,Yes,Yes,No,,5
2026-02-17T16:09:26Z,1007,3,1,2,45,1499,1,2026-02-17T16:35:10Z,Yes,No,No,,3
2026-02-17T16:10:57Z,1007,3,1,4,58,1106,1,2026-02-17T16:30:21Z,No,Yes,No,,
2026-02-17T16:15:04Z,1005,3,1,2,32,495,57,2026-02-17T16:23:51Z,Yes,Yes,No,,4
2026-02-17T16:15:14Z,1005,3,1,2,38,503,1,2026-02-17T16:24:15Z,Yes,No,No,,5
2026-02-17T16:28:24Z,1005,1,4,2,34,566,1,2026-02-17T16:38:24Z,No,No,No,,
2026-02-17T16:40:13Z,1008,0,4,4,60,498,1,2026-02-17T16:49:31Z,No,Yes,Yes,2003,
2026-02-17T16:40:26Z,1007,3,4,2,53,419,1,2026-02-17T16:48:18Z,No,Yes,No,,
2026-02-17T16:50:16Z,1005,3,4,10,47,1381,1,2026-02-17T17:14:04Z,No,No,No,,
2026-02-17T16:56:06Z,1007,3,1,5,51,249,1,2026-02-17T17:01:06Z,Yes,Yes,No,,4
2026-02-17T17:01:08Z,1008,3,4,10,28,596,1,2026-02-17T17:11:32Z,Yes,No,No,,4
2026-02-17T17:03:01Z,1006,3,4,5,36,378,57,2026-02-17T17:09:55Z,Yes,No,No,,4
2026-02-17T17:05:35Z,1005,3,5,2,33,1465,1,2026-02-17T17:30:33Z,No,Yes,No,,
2026-02-17T17:12:35Z,1006,0,5,10,47,1091,1,2026-02-17T17:31:33Z,No,Yes,Yes,2003,
2026-02-17T17:37:26Z,1007,3,4,2,41,1372,1,2026-02-17T18:00:59Z,No,Yes,No,,
2026-02-17T17:38:27Z,1006,3,1,4,27,1318,57,2026-02-17T18:00:52Z,No,No,No,,
2026-02-17T18:03:07Z,1008,1,4,2,43,1394,57,2026-02-17T18:27:04Z,Yes,No,No,,5
2026-02-17T18:37:59Z,1005,3,1,2,45,1899,1,2026-02-17T19:10:23Z,Yes,Yes,No,,1
2026-02-17T18:43:15Z,1008,3,1,4,41,2318,57,2026-02-17T19:22:34Z,Yes,No,No,,4
2026-02-17T18:50:50Z,1007,1,4,2,49,2042,57,2026-02-17T19:25:41Z,No,Yes,No,,
2026-02-17T18:50:52Z,1007,3,1,10,35,590,57,2026-02-17T19:01:17Z,Yes,No,No,,4
2026-02-17T19:21:45Z,1005,1,1,2,39,593,1,2026-02-17T19:32:17Z,No,No,No,,
2026-02-17T19:31:59Z,1007,1,1,4,37,328,57,2026-02-17T19:38:04Z,Yes,Yes,No,,1
2026-02-17T19:33:17Z,1005,3,4,10,41,552,1,2026-02-17T19:43:10Z,No,No,No,,
2026-02-17T19:48:33Z,1006,3,4,2,49,1907,1,2026-02-17T20:21:09Z,Yes,Yes,No,,4
2026-02-17T20:24:43Z,1008,3,4,10,50,2181,1,2026-02-17T21:01:54Z,No,No,No,,
2026-02-17T20:27:50Z,1008,1,4,2,57,845,57,2026-02-17T20:42:52Z,No,No,No,,
2026-02-17T20:33:13Z,1006,3,4,4,21,322,57,2026-02-17T20:38:56Z,No,Yes,No,,
2026-02-17T21:03:11Z,1005,3,2,2,59,1286,1,2026-02-17T21:25:36Z,No,No,No,,
2026-02-17T21:05:12Z,1008,3,4,2,51,1544,57,2026-02-17T21:31:47Z,No,Yes,No,,
2026-02-17T21:07:58Z,1006,3,4,4,25,2272,57,2026-02-17T21:46:15Z,No,Yes,No,,
2026-02-17T21:12:21Z,1005,0,2,10,33,596,1,2026-02-17T21:22:50Z,No,Yes,Yes,2005,
2026-02-17T21:12:46Z,1006,13,4,4,22,877,1,2026-02-17T21:27:45Z,Yes,No,No,,1
2026-02-17T21:14:53Z,1008,3,1,2,46,369,1,2026-02-17T21:21:48Z,No,No,No,,
2026-02-17T21:39:38Z,1006,3,1,2,57,302,1,2026-02-17T21:45:37Z,Yes,Yes,No,,1
2026-02-17T21:52:30Z,1008,10,5,2,48,933,1,2026-02-17T22:08:51Z,Yes,No,No,,5
2026-02-17T21:56:31Z,1005,0,4,2,50,2039,57,2026-02-17T22:31:20Z,No,No,Yes,2003,
2026-02-17T21:59:26Z,1008,10,1,2,35,544,57,2026-02-17T22:09:05Z,No,No,No,,
2026-02-17T22:15:30Z,1005,13,1,4,59,2240,57,2026-02-17T22:53:49Z,No,No,No,,
2026-02-17T22:16:25Z,1006,1,1,4,49,1540,5,2026-02-17T22:42:54Z,No,No,No,,
2026-02-17T22:20:32Z,1006,13,1,4,45,256,5,2026-02-17T22:25:33Z,Yes,No,No,,3
2026-02-17T22:24:22Z,1005,10,4,4,39,1376,5,2026-02-17T22:47:57Z,No,No,No,,
2026-02-17T22:37:42Z,1006,1,4,5,58,1825,1,2026-02-17T23:09:05Z,No,No,No,,
2026-02-17T22:58:56Z,1006,1,4,4,46,395,57,2026-02-17T23:06:17Z,Yes,Yes,No,,1
2026-02-17T23:05:15Z,1010,13,1,10,37,1740,5,2026-02-17T23:34:52Z,No,Yes,No,,
2026-02-17T23:08:13Z,1010,0,1,4,23,1833,57,2026-02-17T23:39:09Z,No,No,Yes,2001,
2026-02-17T23:10:19Z,1009,13,4,2,29,1439,57,2026-02-17T23:34:47Z,No,No,No,,
2026-02-17T23:22:24Z,1011,1,1,2,58,520,1,2026-02-17T23:32:02Z,Yes,Yes,No,,5
2026-02-17T23:23:47Z,1009,13,1,5,53,2310,1,2026-02-18T00:03:10Z,No,No,No,,
2026-02-18T00:08:36Z,1012,3,4,10,45,2141,1,2026-02-18T00:45:02Z,No,Yes,No,,
2026-02-18T00:19:14Z,1010,10,4,4,23,528,5,2026-02-18T00:28:25Z,Yes,No,No,,5
2026-02-18T00:23:22Z,1012,3,1,2,56,2318,57,2026-02-18T01:02:56Z,Yes,No,No,,3
2026-02-18T00:39:12Z,1009,1,4,2,27,257,1,2026-02-18T00:43:56Z,Yes,Yes,No,,5
2026-02-18T00:44:54Z,1012,13,4,2,49,2330,1,2026-02-18T01:24:33Z,No,Yes,No,,
2026-02-18T00:49:32Z,1011,0,4,5,35,596,1,2026-02-18T01:00:03Z,No,Yes,Yes,2003,
2026-02-18T01:17:07Z,1011,1,4,10,53,591,57,2026-02-18T01:27:51Z,No,No,No,,
2026-02-18T01:21:09Z,1012,3,4,4,46,1245,1,2026-02-18T01:42:40Z,No,No,No,,
2026-02-18T01:32:23Z,1012,9,4,4,60,412,57,2026-02-18T01:40:15Z,No,No,No,,
2026-02-18T01:47:21Z,1009,3,1,10,46,1971,57,2026-02-18T02:20:58Z,Yes,Yes,No,,3
2026-02-18T01:49:54Z,1010,1,1,2,41,2251,1,2026-02-18T02:28:06Z,No,No,No,,
2026-02-18T01:53:04Z,1011,3,1,4,59,538,57,2026-02-18T02:03:01Z,No,No,No,,
2026-02-18T01:53:40Z,1010,1,1,2,45,582,57,2026-02-18T02:04:07Z,No,No,No,,
2026-02-18T02:02:19Z,1010,1,4,4,51,423,57,2026-02-18T02:10:13Z,Yes,No,No,,5
2026-02-18T02:09:45Z,1009,3,4,10,54,1614,1,2026-02-18T02:37:33Z,Yes,No,No,,4
2026-02-18T02:12:45Z,1011,3,1,5,37,841,1,2026-02-18T02:27:23Z,No,Yes,No,,
2026-02-18T02:26:25Z,1012,3,1,2,42,1193,57,2026-02-18T02:47:00Z,No,Yes,No,,
2026-02-18T02:38:34Z,1012,1,5,2,24,368,1,2026-02-18T02:45:06Z,No,Yes,No,,
2026-02-18T02:39:42Z,1010,3,1,4,57,1981,57,2026-02-18T03:13:40Z,No,Yes,No,,
2026-02-18T02:52:14Z,1011,3,4,4,52,1787,57,2026-02-18T03:22:53Z,Yes,Yes,No,,3
2026-02-18T03:08:03Z,1009,1,5,2,38,949,57,2026-02-18T03:24:30Z,No,No,No,,
2026-02-18T03:12:22Z,1010,3,5,4,39,1619,1,2026-02-18T03:40:00Z,Yes,No,No,,4
2026-02-18T03:14:37Z,1011,3,1,4,60,1439,57,2026-02-18T03:39:36Z,No,Yes,No,,
2026-02-18T03:16:37Z,1011,0,4,4,41,1900,1,2026-02-18T03:48:58Z,Yes,No,Yes,2001,5
2026-02-18T03:20:51Z,1011,3,4,4,37,2303,1,2026-02-18T03:59:51Z,No,No,No,,
2026-02-18T03:21:23Z,1009,3,4,4,42,981,1,2026-02-18T03:38:26Z,No,Yes,No,,
2026-02-18T03:21:52Z,1011,3,1,10,25,999,1,2026-02-18T03:38:56Z,Yes,Yes,No,,2
2026-02-18T03:29:12Z,1012,3,5,5,58,1953,1,2026-02-18T04:02:43Z,No,Yes,No,,
2026-02-18T03:33:15Z,1009,3,4,4,41,1229,57,2026-02-18T03:54:25Z,Yes,Yes,No,,3
2026-02-18T03:47:31Z,1009,0,1,5,40,596,1,2026-02-18T03:58:07Z,Yes,Yes,Yes,2005,5
2026-02-18T04:17:55Z,1011,1,1,4,21,419,1,2026-02-18T04:25:15Z,Yes,Yes,No,,5
2026-02-18T04:25:26Z,1012,3,4,4,53,2068,1,2026-02-18T05:00:47Z,No,No,No,,
2026-02-18T04:26:05Z,1012,3,4,2,53,1223,1,2026-02-18T04:47:21Z,No,Yes,No,,
2026-02-18T04:32:25Z,1011,3,1,2,48,1241,1,2026-02-18T04:53:54Z,No,Yes,No,,
2026-02-18T04:36:30Z,1012,1,1,2,50,504,1,2026-02-18T04:45:44Z,No,Yes,No,,
2026-02-18T04:36:32Z,1009,3,1,2,33,425,1,2026-02-18T04:44:10Z,No,No,No,,
2026-02-18T04:43:19Z,1009,3,4,2,37,905,57,2026-02-18T04:59:01Z,Yes,No,No,,4
2026-02-18T04:49:44Z,1010,3,1,5,46,391,57,2026-02-18T04:57:01Z,Yes,Yes,No,,4
2026-02-18T05:06:27Z,1009,0,5,5,21,1713,1,2026-02-18T05:35:21Z,No,No,Yes,2001,
2026-02-18T05:09:31Z,1010,3,5,4,23,2056,57,2026-02-18T05:44:10Z,No,No,No,,
2026-02-18T05:45:54Z,1012,3,4,5,21,369,1,2026-02-18T05:52:24Z,Yes,Yes,No,,4
2026-02-18T05:47:57Z,1011,3,1,2,30,1900,1,2026-02-18T06:20:07Z,Yes,No,No,,3
2026-02-18T05:49:42Z,1011,0,5,5,55,1766,57,2026-02-18T06:20:03Z,Yes,Yes,Yes,2001,3
2026-02-18T05:50:25Z,1009,3,1,10,31,294,57,2026-02-18T05:55:50Z,Yes,Yes,No,,2
2026-02-18T05:50:36Z,1012,1,2,2,41,292,1,2026-02-18T05:56:09Z,No,No,No,,
2026-02-18T05:58:28Z,1012,3,1,10,32,1535,1,2026-02-18T06:24:35Z,No,No,No,,
2026-02-18T06:08:40Z,1011,3,1,2,59,2261,1,2026-02-18T06:47:20Z,Yes,No,No,,4
2026-02-18T06:13:32Z,1012,0,1,2,44,898,57,2026-02-18T06:29:14Z,No,No,Yes,2001,
2026-02-18T06:19:08Z,1010,3,4,10,40,1754,57,2026-02-18T06:49:02Z,Yes,Yes,No,,3
2026-02-18T06:31:05Z,1012,0,1,2,32,1937,57,2026-02-18T07:03:54Z,Yes,Yes,Yes,2001,3
2026-02-18T06:41:45Z,1010,3,1,10,36,307,57,2026-02-18T06:47:28Z,No,Yes,No,,
2026-02-18T06:47:55Z,1011,3,1,2,50,1668,1,2026-02-18T07:16:33Z,Yes,Yes,No,,2
2026-02-18T06:52:09Z,1011,0,1,10,52,1255,57,2026-02-18T07:13:56Z,No,No,Yes,2004,
2026-02-18T07:02:15Z,1008,0,1,4,42,822,57,2026-02-18T07:16:39Z,Yes,No,Yes,2004,1
2026-02-18T07:07:12Z,1010,3,1,2,32,1771,1,2026-02-18T07:37:15Z,No,No,No,,
2026-02-18T07:14:01Z,1005,3,4,2,23,1658,57,2026-02-18T07:42:02Z,No,Yes,No,,
2026-02-18T07:16:25Z,1010,3,1,10,34,2001,1,2026-02-18T07:50:20Z,No,Yes,No,,
2026-02-18T07:23:50Z,1014,3,4,2,57,1468,57,2026-02-18T07:49:15Z,Yes,No,No,,5
2026-02-18T07:25:34Z,1009,3,4,4,29,326,1,2026-02-18T07:31:29Z,Yes,No,No,,4
2026-02-18T07:28:36Z,1007,0,1,10,51,350,1,2026-02-18T07:35:17Z,No,Yes,Yes,2005,
2026-02-18T07:45:56Z,1002,3,4,1,22,497,1,2026-02-18T07:54:35Z,No,No,No,,
2026-02-18T07:55:41Z,1007,0,1,1,26,2018,1,2026-02-18T08:29:45Z,Yes,Yes,Yes,2001,4
2026-02-18T08:01:03Z,1013,1,4,10,21,1897,1,2026-02-18T08:33:01Z,No,No,No,,
2026-02-18T08:04:20Z,1011,1,1,4,21,308,57,2026-02-18T08:09:49Z,No,No,No,,
2026-02-18T08:10:45Z,1006,3,4,1,54,498,1,2026-02-18T08:19:57Z,Yes,No,No,,4
2026-02-18T08:12:13Z,1011,3,4,4,50,1345,1,2026-02-18T08:35:28Z,Yes,Yes,No,,2
2026-02-18T08:23:33Z,1012,3,1,2,41,2381,1,2026-02-18T09:03:55Z,No,No,No,,
2026-02-18T08:37:14Z,1007,1,1,10,56,475,1,2026-02-18T08:46:05Z,Yes,Yes,No,,2
2026-02-18T08:42:26Z,1005,3,4,2,52,1603,1,2026-02-18T09:10:01Z,No,No,No,,
2026-02-18T08:46:21Z,1010,1,4,1,58,567,57,2026-02-18T08:56:46Z,No,Yes,No,,
2026-02-18T08:54:10Z,1008,3,1,1,53,553,57,2026-02-18T09:04:16Z,Yes,No,No,,5
2026-02-18T09:32:48Z,1010,1,4,4,47,2005,57,2026-02-18T10:07:00Z,No,No,No,,
2026-02-18T09:37:42Z,1001,3,4,4,29,2240,57,2026-02-18T10:15:31Z,No,Yes,No,,
2026-02-18T09:39:57Z,1009,1,4,10,25,331,1,2026-02-18T09:45:53Z,No,No,No,,
2026-02-18T09:43:45Z,1011,1,4,10,30,2203,1,2026-02-18T10:20:58Z,No,Yes,No,,
2026-02-18T09:57:36Z,1002,1,4,4,21,336,57,2026-02-18T10:03:33Z,No,Yes,No,,
2026-02-18T10:03:58Z,1008,3,4,10,28,1029,1,2026-02-18T10:21:35Z,No,Yes,No,,
2026-02-18T10:10:49Z,1001,3,4,10,41,253,57,2026-02-18T10:15:43Z,No,Yes,No,,
2026-02-18T10:20:51Z,1001,3,4,2,53,274,57,2026-02-18T10:26:18Z,Yes,Yes,No,,2
2026-02-18T10:31:33Z,1006,3,1,1,33,2152,57,2026-02-18T11:07:58Z,Yes,Yes,No,,1
2026-02-18T10:44:06Z,1003,1,1,2,26,367,1,2026-02-18T10:50:39Z,Yes,Yes,No,,2
2026-02-18T10:54:40Z,1012,0,1,1,22,545,1,2026-02-18T11:04:07Z,Yes,No,Yes,2003,4
2026-02-18T10:57:36Z,1014,3,4,2,58,360,1,2026-02-18T11:04:34Z,Yes,No,No,,4
2026-02-18T11:08:13Z,1003,3,4,10,37,1996,1,2026-02-18T11:42:06Z,No,Yes,No,,
2026-02-18T11:18:47Z,1005,3,1,1,48,1388,1,2026-02-18T11:42:43Z,Yes,No,No,,1
2026-02-18T11:21:32Z,1010,3,1,4,20,1635,57,2026-02-18T11:49:07Z,No,No,No,,
2026-02-18T11:25:38Z,1007,3,4,4,22,1987,1,2026-02-18T11:59:07Z,Yes,Yes,No,,3
2026-02-18T11:29:20Z,1004,3,1,2,56,340,1,2026-02-18T11:35:56Z,No,No,No,,
2026-02-18T11:29:47Z,1012,3,4,4,50,255,57,2026-02-18T11:34:52Z,Yes,No,No,,4
2026-02-18T11:30:22Z,1012,3,1,10,41,1792,1,2026-02-18T12:00:55Z,No,Yes,No,,
2026-02-18T11:44:18Z,1011,1,4,4,57,2351,57,2026-02-18T12:24:26Z,No,Yes,No,,
2026-02-18T11:51:31Z,1005,3,1,4,29,453,1,2026-02-18T11:59:33Z,No,No,No,,
2026-02-18T11:51:32Z,1004,3,4,4,50,1339,1,2026-02-18T12:14:41Z,No,Yes,No,,
2026-02-18T11:52:42Z,1010,1,4,4,35,2208,1,2026-02-18T12:30:05Z,No,Yes,No,,
2026-02-18T12:00:11Z,1007,3,1,10,52,2117,1,2026-02-18T12:36:20Z,No,No,No,,
2026-02-18T12:01:22Z,1007,1,4,1,59,1452,1,2026-02-18T12:26:33Z,Yes,Yes,No,,3
2026-02-18T12:06:17Z,1003,3,1,2,35,1158,57,2026-02-18T12:26:10Z,Yes,Yes,No,,5
2026-02-18T12:26:39Z,1014,3,4,4,39,573,1,2026-02-18T12:36:51Z,No,No,No,,
2026-02-18T12:46:22Z,1003,3,1,10,30,2315,1,2026-02-18T13:25:27Z,No,Yes,No,,
2026-02-18T12:49:03Z,1005,3,1,4,48,258,1,2026-02-18T12:54:09Z,Yes,Yes,No,,5
2026-02-18T12:56:30Z,1010,0,1,2,24,240,57,2026-02-18T13:00:54Z,No,Yes,Yes,2002,
2026-02-18T13:00:20Z,1007,3,4,2,31,543,1,2026-02-18T13:09:54Z,No,No,No,,
2026-02-18T13:11:11Z,1004,0,1,4,26,301,57,2026-02-18T13:16:38Z,No,No,Yes,2002,
2026-02-18T13:15:17Z,1014,0,1,4,56,600,1,2026-02-18T13:26:13Z,No,No,Yes,2001,
2026-02-18T13:22:23Z,1004,0,1,10,42,414,57,2026-02-18T13:29:59Z,Yes,Yes,Yes,2004,2
2026-02-18T13:28:36Z,1014,3,4,10,56,424,1,2026-02-18T13:36:36Z,No,No,No,,
2026-02-18T13:30:11Z,1001,3,1,2,59,527,1,2026-02-18T13:39:57Z,Yes,No,No,,5
2026-02-18T13:35:11Z,1005,3,4,10,60,1825,1,2026-02-18T14:06:36Z,No,Yes,No,,
2026-02-18T13:37:17Z,1011,1,1,1,22,2220,1,2026-02-18T14:14:39Z,No,Yes,No,,
2026-02-18T13:41:32Z,1013,3,1,1,30,315,1,2026-02-18T13:47:17Z,No,No,No,,
2026-02-18T13:42:05Z,1001,3,1,4,28,1370,1,2026-02-18T14:05:23Z,No,No,No,,
2026-02-18T13:54:01Z,1005,3,4,10,47,400,57,2026-02-18T14:01:28Z,No,Yes,No,,
2026-02-18T13:55:36Z,1013,3,4,4,28,525,1,2026-02-18T14:04:49Z,Yes,Yes,No,,3
2026-02-18T14:16:28Z,1014,3,1,2,52,935,57,2026-02-18T14:32:55Z,Yes,No,No,,4
2026-02-18T14:18:58Z,1010,3,1,2,53,240,57,2026-02-18T14:23:51Z,No,Yes,No,,
2026-02-18T14:23:47Z,1004,3,4,10,29,465,1,2026-02-18T14:32:01Z,No,Yes,No,,
2026-02-18T14:38:10Z,1007,3,4,10,38,997,57,2026-02-18T14:55:25Z,No,Yes,No,,
2026-02-18T14:39:33Z,1005,3,1,10,52,482,1,2026-02-18T14:48:27Z,No,Yes,No,,
2026-02-18T14:44:28Z,1009,1,1,10,52,599,57,2026-02-18T14:55:19Z,No,Yes,No,,
2026-02-18T15:07:36Z,1006,3,1,1,24,472,57,2026-02-18T15:15:52Z,Yes,Yes,No,,4
2026-02-18T15:11:12Z,1008,3,1,2,36,1654,1,2026-02-18T15:39:22Z,No,Yes,No,,
2026-02-18T15:14:30Z,1006,1,4,10,24,1512,57,2026-02-18T15:40:06Z,No,No,No,,
2026-02-18T15:22:28Z,1007,1,4,1,43,1946,1,2026-02-18T15:55:37Z,No,No,No,,
2026-02-18T15:22:32Z,1005,1,4,10,32,369,1,2026-02-18T15:29:13Z,Yes,No,No,,1
2026-02-18T15:25:43Z,1006,0,4,2,28,261,1,2026-02-18T15:30:32Z,Yes,No,Yes,2002,4
2026-02-18T15:31:47Z,1006,0,1,2,39,1041,57,2026-02-18T15:49:47Z,Yes,No,Yes,2005,4
2026-02-18T15:40:03Z,1008,3,4,2,57,410,57,2026-02-18T15:47:50Z,No,Yes,No,,
2026-02-18T16:04:45Z,1008,3,4,10,53,1802,1,2026-02-18T16:35:40Z,Yes,No,No,,4
2026-02-18T16:45:34Z,1007,3,4,4,21,1839,57,2026-02-18T17:16:34Z,Yes,No,No,,4
2026-02-18T16:47:21Z,1007,0,1,4,48,264,5,2026-02-18T16:52:33Z,Yes,Yes,Yes,2002,2
2026-02-18T16:51:37Z,1008,1,4,2,31,1033,57,2026-02-18T17:09:21Z,Yes,Yes,No,,5
2026-02-18T16:54:49Z,1005,1,1,2,37,1619,1,2026-02-18T17:22:25Z,No,Yes,No,,
2026-02-18T16:57:44Z,1007,3,4,10,52,565,5,2026-02-18T17:08:01Z,No,Yes,No,,
2026-02-18T17:21:37Z,1008,1,1,4,21,554,57,2026-02-18T17:31:12Z,Yes,No,No,,3
2026-02-18T17:30:56Z,1008,3,4,2,37,577,1,2026-02-18T17:41:10Z,Yes,Yes,No,,1
2026-02-18T17:32:55Z,1007,3,1,4,46,1334,1,2026-02-18T17:55:55Z,No,No,No,,
2026-02-18T17:33:57Z,1005,3,4,2,51,812,5,2026-02-18T17:48:20Z,Yes,Yes,No,,4
2026-02-18T17:35:05Z,1005,3,4,4,37,1158,1,2026-02-18T17:55:00Z,Yes,No,No,,3
2026-02-18T17:39:09Z,1008,1,4,4,24,562,57,2026-02-18T17:48:55Z,No,Yes,No,,
2026-02-18T17:55:02Z,1008,1,4,2,48,1643,57,2026-02-18T18:23:13Z,Yes,No,No,,3
2026-02-18T17:58:33Z,1007,1,4,2,33,1452,1,2026-02-18T18:23:18Z,No,No,No,,
2026-02-18T18:19:10Z,1008,3,4,10,43,345,5,2026-02-18T18:25:38Z,Yes,No,No,,5
2026-02-18T18:19:17Z,1005,3,4,4,32,970,5,2026-02-18T18:35:59Z,Yes,No,No,,1
2026-02-18T18:47:30Z,1006,3,4,4,45,258,57,2026-02-18T18:52:33Z,Yes,Yes,No,,5
2026-02-18T18:52:05Z,1008,3,4,4,25,479,57,2026-02-18T19:00:29Z,No,Yes,No,,
2026-02-18T19:01:20Z,1007,3,4,4,28,419,1,2026-02-18T19:08:47Z,No,No,No,,
2026-02-18T19:08:24Z,1006,3,1,10,57,2320,1,2026-02-18T19:48:01Z,No,No,No,,
2026-02-18T19:12:12Z,1006,3,1,2,24,1326,5,2026-02-18T19:34:42Z,No,No,No,,
2026-02-18T19:21:55Z,1006,3,1,10,33,831,57,2026-02-18T19:36:19Z,No,No,No,,
2026-02-18T19:30:44Z,1005,1,4,10,43,1726,1,2026-02-18T20:00:13Z,No,Yes,No,,
2026-02-18T19:35:58Z,1005,3,4,4,23,557,1,2026-02-18T19:45:38Z,Yes,Yes,No,,1
2026-02-18T19:40:51Z,1007,13,1,4,28,1773,1,2026-02-18T20:10:52Z,No,No,No,,
2026-02-18T19:44:43Z,1006,3,1,10,40,1179,1,2026-02-18T20:05:02Z,No,No,No,,
2026-02-18T19:58:36Z,1006,13,1,10,46,1042,1,2026-02-18T20:16:44Z,No,No,No,,
2026-02-18T20:19:55Z,1008,9,4,10,46,2037,5,2026-02-18T20:54:38Z,No,Yes,No,,
2026-02-18T20:40:11Z,1006,13,4,10,57,285,1,2026-02-18T20:45:53Z,Yes,No,No,,3
2026-02-18T20:52:03Z,1007,0,1,3,24,1056,1,2026-02-18T21:10:03Z,No,Yes,Yes,2004,
2026-02-18T21:01:12Z,1008,1,1,2,47,336,1,2026-02-18T21:07:35Z,Yes,Yes,No,,4
2026-02-18T21:11:02Z,1005,3,4,4,26,1870,1,2026-02-18T21:42:38Z,No,No,No,,
2026-02-18T21:12:51Z,1006,13,1,10,49,1431,57,2026-02-18T21:37:31Z,No,Yes,No,,
2026-02-18T21:29:42Z,1008,13,4,10,37,315,1,2026-02-18T21:35:34Z,Yes,Yes,No,,3
2026-02-18T21:30:29Z,1008,0,1,10,39,1798,1,2026-02-18T22:01:06Z,No,Yes,Yes,2003,
2026-02-18T21:41:36Z,1007,1,1,4,35,382,5,2026-02-18T21:48:33Z,No,No,No,,
2026-02-18T21:47:42Z,1005,13,1,3,33,1578,57,2026-02-18T22:14:33Z,Yes,No,No,,4
2026-02-18T21:59:15Z,1006,1,1,2,30,545,5,2026-02-18T22:08:50Z,Yes,Yes,No,,4
2026-02-18T22:00:12Z,1005,3,4,2,31,457,5,2026-02-18T22:08:20Z,No,No,No,,
2026-02-18T22:02:14Z,1006,13,4,10,43,1780,1,2026-02-18T22:32:37Z,Yes,No,No,,3
2026-02-18T22:20:27Z,1006,3,1,3,31,359,5,2026-02-18T22:26:57Z,Yes,No,No,,4
2026-02-18T22:46:09Z,1007,9,4,10,29,245,57,2026-02-18T22:50:43Z,No,Yes,No,,
2026-02-18T22:47:40Z,1008,1,4,2,26,542,1,2026-02-18T22:57:08Z,No,Yes,No,,
2026-02-18T23:04:16Z,1010,3,4,10,55,242,5,2026-02-18T23:09:13Z,No,Yes,No,,
2026-02-18T23:23:46Z,1009,3,1,2,41,1520,57,2026-02-18T23:49:47Z,Yes,Yes,No,,4
2026-02-18T23:23:54Z,1012,10,1,2,60,1767,57,2026-02-18T23:54:21Z,Yes,No,No,,5
2026-02-18T23:26:18Z,1010,3,1,3,46,371,5,2026-02-18T23:33:15Z,Yes,No,No,,4
2026-02-18T23:28:06Z,1011,3,4,10,26,1815,57,2026-02-18T23:58:47Z,Yes,No,No,,1
2026-02-18T23:29:10Z,1012,9,1,4,53,305,5,2026-02-18T23:35:08Z,No,Yes,No,,
2026-02-18T23:32:53Z,1009,1,4,2,51,517,1,2026-02-18T23:42:21Z,No,Yes,No,,
2026-02-18T23:37:18Z,1011,3,4,4,37,327,57,2026-02-18T23:43:22Z,No,No,No,,
2026-02-18T23:45:14Z,1009,0,1,2,41,265,1,2026-02-18T23:50:20Z,Yes,Yes,Yes,2001,2
2026-02-19T00:07:10Z,1009,0,1,10,48,1170,5,2026-02-19T00:27:28Z,No,Yes,Yes,2004,
2026-02-19T00:12:44Z,1011,3,1,3,42,2013,1,2026-02-19T00:46:59Z,Yes,No,No,,4
2026-02-19T00:18:21Z,1011,0,4,10,40,1811,1,2026-02-19T00:49:12Z,No,Yes,Yes,2003,
2026-02-19T00:20:33Z,1009,3,4,2,46,561,57,2026-02-19T00:30:40Z,No,No,No,,
2026-02-19T00:26:39Z,1011,3,1,10,50,422,1,2026-02-19T00:34:31Z,Yes,No,No,,3
2026-02-19T00:28:35Z,1011,3,5,10,51,433,1,2026-02-19T00:36:39Z,Yes,No,No,,5
2026-02-19T00:31:35Z,1012,3,1,10,49,416,5,2026-02-19T00:39:20Z,No,Yes,No,,
2026-02-19T00:33:57Z,1009,3,4,3,53,1569,1,2026-02-19T01:00:59Z,Yes,No,No,,4
2026-02-19T00:44:02Z,1010,1,4,2,52,584,57,2026-02-19T00:54:38Z,No,Yes,No,,
2026-02-19T01:07:21Z,1012,1,1,10,25,320,5,2026-02-19T01:13:06Z,Yes,No,No,,5
2026-02-19T01:13:13Z,1012,3,1,2,26,591,1,2026-02-19T01:23:30Z,Yes,No,No,,5
2026-02-19T01:16:49Z,1012,1,4,3,29,1224,5,2026-02-19T01:37:42Z,Yes,Yes,No,,3
2026-02-19T01:30:53Z,1012,3,1,2,43,1339,5,2026-02-19T01:53:55Z,No,No,No,,
2026-02-19T01:49:54Z,1009,1,4,4,40,1309,1,2026-02-19T02:12:23Z,No,Yes,No,,
2026-02-19T01:55:11Z,1010,3,4,4,47,2374,57,2026-02-19T02:35:32Z,Yes,Yes,No,,4
2026-02-19T01:55:37Z,1012,3,1,2,46,265,57,2026-02-19T02:00:48Z,No,No,No,,
2026-02-19T02:03:28Z,1011,3,1,10,48,1071,1,2026-02-19T02:22:07Z,No,Yes,No,,
2026-02-19T02:34:21Z,1010,3,1,4,30,464,1,2026-02-19T02:42:35Z,Yes,No,No,,2
2026-02-19T02:50:56Z,1009,3,4,4,58,542,1,2026-02-19T03:00:56Z,Yes,No,No,,1
2026-02-19T02:54:11Z,1012,3,1,3,27,456,1,2026-02-19T03:02:14Z,No,No,No,,
2026-02-19T03:17:29Z,1010,3,4,10,25,2310,1,2026-02-19T03:56:24Z,Yes,No,No,,1
2026-02-19T03:22:03Z,1010,3,4,3,53,1899,57,2026-02-19T03:54:35Z,Yes,No,No,,3
2026-02-19T03:31:04Z,1011,3,4,10,24,2221,1,2026-02-19T04:08:29Z,Yes,No,No,,1
2026-02-19T03:42:00Z,1010,3,1,2,38,552,57,2026-02-19T03:51:50Z,Yes,Yes,No,,3
2026-02-19T03:49:04Z,1009,3,4,3,60,2322,1,2026-02-19T04:28:46Z,No,Yes,No,,
2026-02-19T03:51:50Z,1012,3,4,10,60,2121,1,2026-02-19T04:28:11Z,Yes,No,No,,1
2026-02-19T03:52:29Z,1009,3,1,10,39,338,1,2026-02-19T03:58:46Z,Yes,No,No,,5
2026-02-19T04:05:53Z,1010,3,4,2,26,1874,1,2026-02-19T04:37:33Z,Yes,No,No,,4
2026-02-19T04:12:14Z,1009,0,4,2,55,1763,1,2026-02-19T04:42:32Z,Yes,Yes,Yes,2002,3
2026-02-19T04:17:41Z,1009,0,4,2,33,523,1,2026-02-19T04:26:57Z,No,Yes,Yes,2001,
2026-02-19T04:31:42Z,1012,1,1,10,57,2200,57,2026-02-19T05:09:19Z,No,No,No,,
2026-02-19T04:32:25Z,1011,3,1,3,27,559,1,2026-02-19T04:42:11Z,Yes,Yes,No,,5
2026-02-19T04:51:24Z,1010,3,1,2,31,336,1,2026-02-19T04:57:31Z,Yes,Yes,No,,2
2026-02-19T04:51:57Z,1011,13,1,4,49,374,57,2026-02-19T04:59:00Z,Yes,No,No,,2
2026-02-19T05:07:19Z,1012,3,4,3,25,1219,1,2026-02-19T05:28:03Z,Yes,No,No,,4
2026-02-19T05:19:05Z,1012,9,4,2,53,1224,57,2026-02-19T05:40:22Z,Yes,No,No,,4
2026-02-19T05:21:18Z,1010,0,2,4,45,524,57,2026-02-19T05:30:47Z,No,No,Yes,2003,
2026-02-19T05:26:50Z,1009,3,4,3,21,375,1,2026-02-19T05:33:26Z,No,No,No,,
2026-02-19T05:32:37Z,1010,9,2,2,30,519,1,2026-02-19T05:41:46Z,No,Yes,No,,
2026-02-19T05:47:09Z,1012,1,2,2,52,1143,1,2026-02-19T06:07:04Z,Yes,No,No,,4
2026-02-19T05:59:13Z,1010,0,1,2,57,2255,1,2026-02-19T06:37:45Z,No,No,Yes,2001,
2026-02-19T06:03:41Z,1012,13,4,4,44,2400,1,2026-02-19T06:44:25Z,Yes,Yes,No,,2
2026-02-19T06:16:08Z,1012,3,4,2,52,2154,57,2026-02-19T06:52:54Z,Yes,No,No,,2
2026-02-19T06:28:08Z,1010,0,4,2,48,1505,57,2026-02-19T06:54:01Z,No,No,Yes,2003,
2026-02-19T06:31:44Z,1011,1,1,2,52,873,1,2026-02-19T06:47:09Z,No,No,No,,
2026-02-19T06:32:12Z,1010,10,1,10,60,488,1,2026-02-19T06:41:20Z,No,Yes,No,,
2026-02-19T06:58:26Z,1012,1,1,2,49,275,57,2026-02-19T07:03:50Z,Yes,Yes,No,,5
2026-02-19T07:00:02Z,1011,13,1,4,51,1307,1,2026-02-19T07:22:40Z,No,No,No,,
2026-02-19T07:02:33Z,1005,10,4,4,59,1212,1,2026-02-19T07:23:44Z,Yes,Yes,No,,1
2026-02-19T07:04:16Z,1012,13,4,10,41,1662,1,2026-02-19T07:32:39Z,Yes,No,No,,4
2026-02-19T07:07:55Z,1012,3,1,10,47,474,57,2026-02-19T07:16:36Z,Yes,No,No,,2
2026-02-19T07:20:30Z,1012,10,4,2,49,418,1,2026-02-19T07:28:17Z,Yes,No,No,,3
2026-02-19T07:20:54Z,1006,3,1,2,48,326,57,2026-02-19T07:27:08Z,Yes,Yes,No,,5
2026-02-19T07:36:10Z,1006,9,5,10,51,2019,1,2026-02-19T08:10:40Z,No,Yes,No,,
2026-02-19T07:44:46Z,1008,1,1,4,42,2390,57,2026-02-19T08:25:18Z,Yes,Yes,No,,1
2026-02-19T07:46:03Z,1004,1,1,10,43,423,1,2026-02-19T07:53:49Z,No,No,No,,
2026-02-19T07:46:35Z,1001,1,5,10,28,937,57,2026-02-19T08:02:40Z,No,No,No,,
2026-02-19T07:48:02Z,1008,1,5,10,28,1504,1,2026-02-19T08:13:34Z,No,Yes,No,,
2026-02-19T07:48:07Z,1014,10,4,4,46,2331,57,2026-02-19T08:27:44Z,Yes,No,No,,1
2026-02-19T08:10:14Z,1011,0,1,10,26,1882,1,2026-02-19T08:42:02Z,No,Yes,Yes,2005,
2026-02-19T08:14:04Z,1014,3,1,2,48,1696,57,2026-02-19T08:43:08Z,No,No,No,,
2026-02-19T08:20:38Z,1007,3,4,10,59,1663,1,2026-02-19T08:49:20Z,Yes,Yes,No,,5
2026-02-19T08:22:52Z,1006,13,4,10,41,1332,1,2026-02-19T08:45:45Z,Yes,Yes,No,,4
2026-02-19T08:26:23Z,1006,3,1,10,54,1548,1,2026-02-19T08:53:05Z,Yes,No,No,,5
2026-02-19T08:35:39Z,1006,0,4,4,33,396,1,2026-02-19T08:42:48Z,Yes,Yes,Yes,2002,1
2026-02-19T08:48:48Z,1005,0,1,2,46,514,57,2026-02-19T08:58:08Z,No,Yes,Yes,2001,
2026-02-19T08:59:25Z,1013,3,4,4,30,594,1,2026-02-19T09:09:49Z,Yes,Yes,No,,5
2026-02-19T09:12:43Z,1010,9,1,10,41,549,1,2026-02-19T09:22:33Z,Yes,No,No,,3
2026-02-19T09:15:13Z,1002,10,4,4,39,2067,57,2026-02-19T09:50:19Z,No,Yes,No,,
2026-02-19T09:19:45Z,1008,1,1,10,48,512,57,2026-02-19T09:29:05Z,Yes,Yes,No,,3
2026-02-19T09:26:48Z,1012,0,4,4,46,1974,1,2026-02-19T10:00:28Z,No,Yes,Yes,2004,
2026-02-19T09:30:45Z,1011,10,1,2,38,347,1,2026-02-19T09:37:10Z,No,Yes,No,,
2026-02-19T09:31:08Z,1008,1,4,10,58,1637,1,2026-02-19T09:59:23Z,Yes,Yes,No,,5
2026-02-19T09:44:04Z,1002,1,1,10,27,435,57,2026-02-19T09:51:46Z,No,Yes,No,,
2026-02-19T09:45:57Z,1011,9,1,2,26,1701,1,2026-02-19T10:14:44Z,No,No,No,,
2026-02-19T09:47:50Z,1007,1,4,2,33,372,1,2026-02-19T09:54:35Z,Yes,Yes,No,,2
2026-02-19T09:54:51Z,1007,3,4,4,47,252,1,2026-02-19T09:59:50Z,Yes,No,No,,5
2026-02-19T09:57:57Z,1008,1,1,4,35,526,1,2026-02-19T10:07:18Z,No,Yes,No,,
2026-02-19T10:22:43Z,1013,3,1,2,58,2039,1,2026-02-19T10:57:40Z,No,No,No,,
2026-02-19T10:34:36Z,1012,1,1,2,32,1983,1,2026-02-19T11:08:11Z,No,No,No,,
2026-02-19T11:02:48Z,1013,1,4,10,52,273,1,2026-02-19T11:08:13Z,No,No,No,,
2026-02-19T11:23:38Z,1001,3,4,4,46,358,1,2026-02-19T11:30:22Z,Yes,Yes,No,,5
2026-02-19T11:24:00Z,1013,13,1,4,23,272,57,2026-02-19T11:28:55Z,Yes,No,No,,5
2026-02-19T11:35:41Z,1010,1,4,4,47,411,1,2026-02-19T11:43:19Z,No,Yes,No,,
2026-02-19T11:40:48Z,1009,3,5,10,46,313,57,2026-02-19T11:46:47Z,No,Yes,No,,
2026-02-19T11:42:13Z,1003,1,1,2,45,495,57,2026-02-19T11:51:13Z,Yes,Yes,No,,3
2026-02-19T11:51:55Z,1004,3,4,4,35,325,57,2026-02-19T11:57:55Z,No,Yes,No,,
2026-02-19T11:52:22Z,1007,0,4,2,59,583,57,2026-02-19T12:03:04Z,No,No,Yes,2002,
2026-02-19T11:57:32Z,1010,0,1,10,38,979,1,2026-02-19T12:14:29Z,Yes,No,Yes,2002,1
2026-02-19T11:57:43Z,1010,13,5,2,48,322,1,2026-02-19T12:03:53Z,Yes,No,No,,4
2026-02-19T12:20:17Z,1004,3,1,4,56,469,1,2026-02-19T12:29:02Z,No,Yes,No,,
2026-02-19T12:52:53Z,1006,1,4,10,23,1488,1,2026-02-19T13:18:04Z,Yes,No,No,,4
2026-02-19T12:56:02Z,1008,10,5,2,20,515,57,2026-02-19T13:04:57Z,Yes,Yes,No,,2
2026-02-19T12:57:16Z,1005,13,1,10,59,495,57,2026-02-19T13:06:30Z,No,Yes,No,,
2026-02-19T13:11:25Z,1013,9,1,4,41,1772,1,2026-02-19T13:41:38Z,No,Yes,No,,
2026-02-19T13:12:56Z,1012,0,4,4,51,1259,57,2026-02-19T13:34:46Z,No,No,Yes,2002,
2026-02-19T13:13:23Z,1011,0,1,2,42,244,57,2026-02-19T13:18:09Z,Yes,Yes,Yes,2001,2
2026-02-19T13:49:58Z,1003,13,4,4,32,1956,1,2026-02-19T14:23:06Z,Yes,Yes,No,,2
2026-02-19T14:03:54Z,1003,10,1,10,50,983,57,2026-02-19T14:21:07Z,Yes,Yes,No,,3
2026-02-19T14:14:36Z,1014,3,1,2,49,307,1,2026-02-19T14:20:32Z,No,No,No,,
2026-02-19T14:30:14Z,1012,3,1,4,39,2139,1,2026-02-19T15:06:32Z,No,No,No,,
2026-02-19T14:51:37Z,1004,3,4,2,50,582,1,2026-02-19T15:02:09Z,No,No,No,,
2026-02-19T15:00:28Z,1006,3,4,10,36,333,1,2026-02-19T15:06:37Z,No,Yes,No,,
2026-02-19T15:03:32Z,1008,3,1,4,24,241,57,2026-02-19T15:07:57Z,No,No,No,,
2026-02-19T15:12:23Z,1006,3,4,10,49,2234,1,2026-02-19T15:50:26Z,Yes,Yes,No,,2
2026-02-19T15:12:26Z,1008,3,1,10,48,1328,57,2026-02-19T15:35:22Z,Yes,No,No,,5
2026-02-19T15:17:58Z,1008,3,1,10,59,1836,1,2026-02-19T15:49:33Z,Yes,No,No,,3
2026-02-19T15:20:13Z,1007,1,4,10,46,1817,57,2026-02-19T15:51:16Z,Yes,Yes,No,,1
2026-02-19T15:24:37Z,1007,0,4,2,34,1581,57,2026-02-19T15:51:32Z,No,Yes,Yes,2004,
2026-02-19T15:27:04Z,1005,1,4,4,53,1246,1,2026-02-19T15:48:43Z,No,No,No,,
2026-02-19T15:28:48Z,1007,1,4,10,58,250,1,2026-02-19T15:33:56Z,No,No,No,,
2026-02-19T15:30:15Z,1005,1,1,10,60,474,1,2026-02-19T15:39:09Z,Yes,Yes,No,,4
2026-02-19T15:33:20Z,1007,3,4,4,49,441,1,2026-02-19T15:41:30Z,No,No,No,,
2026-02-19T15:46:37Z,1005,0,4,4,25,976,1,2026-02-19T16:03:18Z,No,No,Yes,2002,
2026-02-19T15:53:09Z,1006,1,4,10,44,357,1,2026-02-19T15:59:50Z,No,No,No,,
2026-02-19T15:53:48Z,1007,0,4,10,60,2283,57,2026-02-19T16:32:51Z,No,Yes,Yes,2003,
2026-02-19T15:55:21Z,1005,0,4,4,34,261,1,2026-02-19T16:00:16Z,No,No,Yes,2005,
2026-02-19T16:12:06Z,1008,3,1,2,22,358,57,2026-02-19T16:18:26Z,No,Yes,No,,
2026-02-19T16:44:41Z,1008,3,1,2,32,476,1,2026-02-19T16:53:09Z,No,Yes,No,,
2026-02-19T17:22:34Z,1007,3,1,2,50,591,57,2026-02-19T17:33:15Z,Yes,Yes,No,,5
2026-02-19T17:25:27Z,1008,0,4,10,50,484,57,2026-02-19T17:34:21Z,No,No,Yes,2002,
2026-02-19T17:28:49Z,1008,3,1,2,45,582,1,2026-02-19T17:39:16Z,Yes,No,No,,5
2026-02-19T17:51:26Z,1005,3,1,2,31,850,1,2026-02-19T18:06:07Z,No,No,No,,
2026-02-19T18:02:21Z,1005,3,4,2,44,396,57,2026-02-19T18:09:41Z,Yes,No,No,,3
2026-02-19T18:02:44Z,1007,3,1,10,43,1923,57,2026-02-19T18:35:30Z,Yes,Yes,No,,5
2026-02-19T18:03:45Z,1006,3,4,10,22,356,57,2026-02-19T18:10:03Z,No,No,No,,
2026-02-19T18:05:08Z,1008,13,4,5,43,287,57,2026-02-19T18:10:38Z,No,Yes,No,,
2026-02-19T18:16:37Z,1007,3,4,4,27,262,57,2026-02-19T18:21:26Z,No,No,No,,
2026-02-19T18:22:25Z,1008,10,1,2,52,385,1,2026-02-19T18:29:42Z,No,Yes,No,,
2026-02-19T18:29:07Z,1007,1,1,2,40,1606,1,2026-02-19T18:56:33Z,Yes,Yes,No,,2
2026-02-19T18:40:09Z,1007,10,1,2,56,366,1,2026-02-19T18:47:11Z,No,Yes,No,,
2026-02-19T18:44:20Z,1008,1,1,4,32,1425,1,2026-02-19T19:08:37Z,Yes,No,No,,1
2026-02-19T18:59:09Z,1006,3,1,4,38,1366,57,2026-02-19T19:22:33Z,No,Yes,No,,
2026-02-19T19:18:55Z,1008,3,4,10,24,1058,1,2026-02-19T19:36:57Z,No,Yes,No,,
2026-02-19T19:32:02Z,1008,13,4,5,35,1131,1,2026-02-19T19:51:28Z,No,Yes,No,,
2026-02-19T19:45:10Z,1007,1,4,4,51,413,1,2026-02-19T19:52:54Z,Yes,Yes,No,,2
2026-02-19T20:00:50Z,1005,1,1,4,33,344,57,2026-02-19T20:07:07Z,Yes,Yes,No,,1
2026-02-19T20:07:42Z,1006,3,1,4,57,2077,1,2026-02-19T20:43:16Z,No,No,No,,
2026-02-19T20:15:54Z,1007,0,4,2,22,1031,1,2026-02-19T20:33:27Z,No,No,Yes,2005,
2026-02-19T20:22:46Z,1007,0,1,10,49,1348,1,2026-02-19T20:46:03Z,No,Yes,Yes,2001,
2026-02-19T20:48:43Z,1008,1,4,10,47,394,1,2026-02-19T20:56:04Z,Yes,Yes,No,,4
2026-02-19T20:50:27Z,1005,13,1,5,38,257,1,2026-02-19T20:55:22Z,No,Yes,No,,
2026-02-19T21:04:40Z,1008,1,4,2,24,1891,57,2026-02-19T21:36:35Z,Yes,No,No,,2
2026-02-19T21:08:10Z,1008,1,1,10,32,840,1,2026-02-19T21:22:42Z,Yes,No,No,,4
2026-02-19T21:08:50Z,1007,1,4,2,27,828,57,2026-02-19T21:23:05Z,No,No,No,,
2026-02-19T21:09:43Z,1008,9,4,4,20,509,1,2026-02-19T21:18:32Z,No,Yes,No,,
2026-02-19T21:21:51Z,1008,10,1,4,60,597,1,2026-02-19T21:32:48Z,Yes,Yes,No,,2
2026-02-19T21:25:06Z,1007,0,4,5,26,352,1,2026-02-19T21:31:24Z,No,Yes,Yes,2002,
2026-02-19T21:26:28Z,1008,1,4,5,38,1966,57,2026-02-19T21:59:52Z,Yes,No,No,,2
2026-02-19T21:27:09Z,1007,3,5,2,55,368,1,2026-02-19T21:34:12Z,No,Yes,No,,
2026-02-19T21:30:16Z,1005,9,5,5,58,366,1,2026-02-19T21:37:20Z,No,Yes,No,,
2026-02-19T21:46:06Z,1007,3,1,5,31,549,1,2026-02-19T21:55:46Z,Yes,Yes,No,,2
2026-02-19T21:48:03Z,1006,1,4,4,56,2352,1,2026-02-19T22:28:11Z,Yes,Yes,No,,2
2026-02-19T21:49:54Z,1006,3,4,10,59,2185,57,2026-02-19T22:27:18Z,Yes,Yes,No,,2
2026-02-19T22:05:37Z,1008,0,4,5,23,1816,1,2026-02-19T22:36:16Z,No,Yes,Yes,2001,
2026-02-19T22:10:28Z,1005,10,5,10,44,542,1,2026-02-19T22:20:14Z,No,No,No,,
2026-02-19T22:19:12Z,1006,10,4,4,29,2024,57,2026-02-19T22:53:25Z,Yes,Yes,No,,1
2026-02-19T22:25:51Z,1007,13,1,10,55,507,1,2026-02-19T22:35:13Z,Yes,Yes,No,,5
2026-02-19T22:31:47Z,1006,1,1,2,33,1929,1,2026-02-19T23:04:29Z,Yes,Yes,No,,4
2026-02-19T22:48:25Z,1005,3,4,4,21,355,1,2026-02-19T22:54:41Z,No,Yes,No,,
2026-02-19T22:52:46Z,1008,10,4,10,24,401,57,2026-02-19T22:59:51Z,No,Yes,No,,
2026-02-19T22:52:55Z,1006,0,5,4,38,1312,57,2026-02-19T23:15:25Z,Yes,No,Yes,2005,2
2026-02-19T23:16:51Z,1011,1,1,2,39,422,57,2026-02-19T23:24:32Z,Yes,Yes,No,,3
2026-02-19T23:16:55Z,1011,3,5,10,21,271,57,2026-02-19T23:21:47Z,No,Yes,No,,
2026-02-19T23:23:32Z,1011,10,1,4,36,525,1,2026-02-19T23:32:53Z,Yes,Yes,No,,3
2026-02-19T23:38:40Z,1010,9,1,2,23,377,1,2026-02-19T23:45:20Z,No,No,No,,
2026-02-19T23:41:23Z,1011,0,4,10,40,1842,1,2026-02-20T00:12:45Z,Yes,Yes,Yes,2002,5
2026-02-19T23:58:19Z,1010,0,1,4,39,1127,57,2026-02-20T00:17:45Z,No,Yes,Yes,2005,
2026-02-20T00:03:30Z,1009,9,1,2,54,419,1,2026-02-20T00:11:23Z,Yes,No,No,,1
2026-02-20T00:30:02Z,1010,9,4,4,38,288,57,2026-02-20T00:35:28Z,No,No,No,,
2026-02-20T00:33:52Z,1012,9,1,2,31,371,57,2026-02-20T00:40:34Z,Yes,No,No,,5
2026-02-20T00:38:11Z,1009,13,4,2,58,1270,1,2026-02-20T01:00:19Z,Yes,No,No,,3
2026-02-20T00:53:32Z,1010,9,4,2,43,522,1,2026-02-20T01:02:57Z,No,No,No,,
2026-02-20T01:01:46Z,1010,0,5,2,54,597,1,2026-02-20T01:12:37Z,No,Yes,Yes,2001,
2026-02-20T01:03:00Z,1009,1,1,2,22,2045,1,2026-02-20T01:37:27Z,Yes,No,No,,5
2026-02-20T01:24:53Z,1009,10,4,4,54,372,1,2026-02-20T01:31:59Z,Yes,No,No,,3
2026-02-20T01:39:13Z,1009,1,2,4,28,2018,1,2026-02-20T02:13:19Z,Yes,No,No,,1
2026-02-20T01:41:55Z,1011,3,1,4,35,461,1,2026-02-20T01:50:11Z,No,Yes,No,,
2026-02-20T01:56:45Z,1010,3,4,5,50,460,1,2026-02-20T02:05:15Z,Yes,No,No,,1
2026-02-20T02:04:12Z,1010,3,4,10,39,2177,57,2026-02-20T02:41:08Z,No,Yes,No,,
2026-02-20T02:16:29Z,1010,13,2,5,59,1448,1,2026-02-20T02:41:36Z,No,Yes,No,,
2026-02-20T02:31:01Z,1010,3,2,2,47,983,1,2026-02-20T02:48:11Z,Yes,Yes,No,,2
2026-02-20T02:44:26Z,1011,10,5,5,27,561,57,2026-02-20T02:54:14Z,Yes,No,No,,2
2026-02-20T02:59:11Z,1012,2,5,4,33,385,1,2026-02-20T03:06:09Z,Yes,Yes,No,,4
2026-02-20T03:08:08Z,1012,10,4,2,58,1671,1,2026-02-20T03:36:57Z,No,No,No,,
2026-02-20T03:19:47Z,1012,9,4,4,35,379,1,2026-02-20T03:26:41Z,No,Yes,No,,
2026-02-20T03:20:07Z,1010,2,4,10,29,1812,1,2026-02-20T03:50:48Z,Yes,No,No,,5
2026-02-20T03:29:02Z,1012,1,4,5,50,1316,57,2026-02-20T03:51:48Z,No,No,No,,
2026-02-20T03:43:54Z,1010,1,4,5,43,1085,1,2026-02-20T04:02:42Z,No,Yes,No,,
2026-02-20T03:43:54Z,1010,1,1,5,25,2276,57,2026-02-20T04:22:15Z,No,No,No,,
2026-02-20T04:00:48Z,1010,13,4,2,23,492,57,2026-02-20T04:09:23Z,No,Yes,No,,
2026-02-20T04:06:46Z,1011,1,4,10,29,2041,1,2026-02-20T04:41:16Z,Yes,No,No,,4
2026-02-20T04:13:42Z,1010,0,4,4,25,376,57,2026-02-20T04:20:23Z,Yes,Yes,Yes,2005,3
2026-02-20T04:15:57Z,1010,2,4,5,42,1517,1,2026-02-20T04:41:56Z,Yes,No,No,,2
2026-02-20T04:35:44Z,1009,9,1,2,25,1110,57,2026-02-20T04:54:39Z,Yes,Yes,No,,3
2026-02-20T04:43:47Z,1012,3,1,2,60,1357,57,2026-02-20T05:07:24Z,No,No,No,,
2026-02-20T04:45:25Z,1010,3,1,5,49,2328,1,2026-02-20T05:25:02Z,Yes,No,No,,2
2026-02-20T04:55:29Z,1010,3,1,10,44,1052,57,2026-02-20T05:13:45Z,No,No,No,,
2026-02-20T05:02:59Z,1010,13,4,5,45,2089,1,2026-02-20T05:38:33Z,No,Yes,No,,
2026-02-20T05:38:00Z,1011,0,4,2,50,384,1,2026-02-20T05:45:14Z,Yes,No,Yes,2005,5
2026-02-20T05:57:01Z,1011,13,1,2,49,2148,57,2026-02-20T06:33:38Z,No,Yes,No,,
2026-02-20T06:15:51Z,1010,0,1,4,38,1461,57,2026-02-20T06:40:50Z,No,No,Yes,2004,
2026-02-20T06:21:52Z,1011,2,4,4,41,2243,57,2026-02-20T06:59:56Z,No,Yes,No,,
2026-02-20T06:24:49Z,1010,13,4,10,27,401,1,2026-02-20T06:31:57Z,Yes,No,No,,1
2026-02-20T06:25:26Z,1010,0,4,4,22,569,1,2026-02-20T06:35:17Z,Yes,No,Yes,2004,4
2026-02-20T06:28:57Z,1010,4,4,3,43,961,57,2026-02-20T06:45:41Z,Yes,No,No,,3
2026-02-20T06:42:19Z,1011,10,1,3,34,2367,5,2026-02-20T07:22:20Z,Yes,Yes,No,,3
2026-02-20T06:51:35Z,1009,1,1,3,52,902,5,2026-02-20T07:07:29Z,Yes,No,No,,1
2026-02-20T07:07:05Z,1013,2,1,10,30,341,5,2026-02-20T07:13:16Z,Yes,No,No,,1
2026-02-20T07:12:37Z,1005,0,1,2,41,315,1,2026-02-20T07:18:33Z,No,No,Yes,2001,
2026-02-20T07:24:15Z,1006,9,1,10,27,2108,1,2026-02-20T07:59:50Z,No,Yes,No,,
2026-02-20T07:26:34Z,1009,1,4,10,34,1605,57,2026-02-20T07:53:53Z,No,No,No,,
2026-02-20T07:28:34Z,1003,9,1,5,42,535,5,2026-02-20T07:38:11Z,No,No,No,,
2026-02-20T07:39:46Z,1006,3,4,5,24,1806,57,2026-02-20T08:10:16Z,Yes,No,No,,4
2026-02-20T07:57:04Z,1013,0,1,4,54,493,5,2026-02-20T08:06:11Z,Yes,Yes,Yes,2003,3
2026-02-20T08:01:23Z,1007,13,1,10,31,500,57,2026-02-20T08:10:14Z,No,No,No,,
2026-02-20T08:14:45Z,1001,9,5,3,21,1726,1,2026-02-20T08:43:52Z,No,No,No,,
2026-02-20T08:27:28Z,1012,13,1,3,50,441,1,2026-02-20T08:35:39Z,Yes,Yes,No,,5
2026-02-20T08:29:29Z,1012,3,4,2,51,2235,57,2026-02-20T09:07:35Z,Yes,Yes,No,,1
2026-02-20T08:32:16Z,1010,9,1,3,59,422,57,2026-02-20T08:40:17Z,No,Yes,No,,
2026-02-20T08:40:42Z,1003,0,1,3,50,405,1,2026-02-20T08:48:17Z,No,No,Yes,2005,
2026-02-20T08:43:17Z,1005,0,1,10,48,377,5,2026-02-20T08:50:22Z,Yes,No,Yes,2005,3
2026-02-20T08:55:48Z,1009,4,4,10,60,458,5,2026-02-20T09:04:26Z,No,No,No,,
2026-02-20T09:07:23Z,1005,3,4,10,24,538,1,2026-02-20T09:16:45Z,Yes,Yes,No,,3
2026-02-20T09:07:43Z,1008,2,5,2,24,270,5,2026-02-20T09:12:37Z,Yes,Yes,No,,4
2026-02-20T09:22:01Z,1001,4,4,3,33,1056,1,2026-02-20T09:40:10Z,Yes,No,No,,2
2026-02-20T09:40:06Z,1010,0,1,4,52,1450,1,2026-02-20T10:05:08Z,No,No,Yes,2004,
2026-02-20T09:40:34Z,1014,9,1,3,32,1163,57,2026-02-20T10:00:29Z,No,No,No,,
2026-02-20T09:57:21Z,1013,2,1,4,39,1478,1,2026-02-20T10:22:38Z,Yes,No,No,,1
2026-02-20T10:01:29Z,1011,1,1,2,36,432,5,2026-02-20T10:09:17Z,Yes,No,No,,3
2026-02-20T10:08:29Z,1013,0,1,3,37,2107,1,2026-02-20T10:44:13Z,No,No,Yes,2001,
2026-02-20T10:16:14Z,1011,3,1,4,53,1840,57,2026-02-20T10:47:47Z,Yes,No,No,,5
2026-02-20T10:21:27Z,1008,3,1,10,58,1315,57,2026-02-20T10:44:20Z,No,Yes,No,,
2026-02-20T10:30:38Z,1009,0,1,10,39,2037,5,2026-02-20T11:05:14Z,No,No,Yes,2005,
2026-02-20T10:31:51Z,1006,2,5,5,40,317,1,2026-02-20T10:37:48Z,No,No,No,,
2026-02-20T10:37:32Z,1014,3,1,5,27,1003,1,2026-02-20T10:54:42Z,No,No,No,,
2026-02-20T10:46:53Z,1013,3,1,4,40,507,5,2026-02-20T10:56:00Z,Yes,Yes,No,,1
2026-02-20T11:05:51Z,1010,3,1,2,49,1675,57,2026-02-20T11:34:35Z,No,Yes,No,,
2026-02-20T11:11:21Z,1006,2,5,10,24,1486,1,2026-02-20T11:36:31Z,No,No,No,,
2026-02-20T11:11:40Z,1003,3,1,10,56,284,1,2026-02-20T11:17:20Z,No,No,No,,
2026-02-20T11:27:46Z,1004,3,4,10,42,552,1,2026-02-20T11:37:40Z,Yes,Yes,No,,1
2026-02-20T11:28:29Z,1003,3,5,2,49,1633,57,2026-02-20T11:56:31Z,Yes,No,No,,1
2026-02-20T11:43:52Z,1002,3,1,4,45,269,57,2026-02-20T11:49:06Z,Yes,Yes,No,,5
2026-02-20T11:49:56Z,1013,3,1,2,30,1139,5,2026-02-20T12:09:25Z,No,Yes,No,,
2026-02-20T11:53:43Z,1005,2,1,2,36,307,5,2026-02-20T11:59:26Z,No,No,No,,
2026-02-20T12:03:41Z,1009,3,1,5,24,567,5,2026-02-20T12:13:32Z,Yes,Yes,No,,4
2026-02-20T12:04:09Z,1008,3,1,2,58,543,5,2026-02-20T12:14:10Z,No,Yes,No,,
2026-02-20T12:17:49Z,1013,1,4,3,53,375,57,2026-02-20T12:24:57Z,Yes,No,No,,5
2026-02-20T12:20:12Z,1005,3,1,10,45,382,1,2026-02-20T12:27:19Z,No,Yes,No,,
2026-02-20T12:22:40Z,1004,0,1,4,34,1924,57,2026-02-20T12:55:18Z,Yes,No,Yes,2004,2
2026-02-20T13:04:20Z,1010,3,4,4,21,416,1,2026-02-20T13:11:37Z,Yes,Yes,No,,1
2026-02-20T13:10:17Z,1010,3,4,4,42,1690,57,2026-02-20T13:39:09Z,No,Yes,No,,
2026-02-20T13:18:31Z,1013,3,1,5,60,1154,57,2026-02-20T13:38:45Z,No,No,No,,
2026-02-20T13:23:28Z,1010,3,1,10,31,296,1,2026-02-20T13:28:55Z,No,Yes,No,,
2026-02-20T13:27:47Z,1007,0,4,2,20,1342,57,2026-02-20T13:50:29Z,Yes,Yes,Yes,2002,1
2026-02-20T13:39:37Z,1007,1,4,4,36,488,5,2026-02-20T13:48:21Z,Yes,No,No,,5
2026-02-20T13:47:58Z,1008,3,4,4,35,540,5,2026-02-20T13:57:33Z,No,Yes,No,,
2026-02-20T14:17:11Z,1008,1,4,4,40,1243,57,2026-02-20T14:38:34Z,No,Yes,No,,
2026-02-20T14:19:34Z,1005,2,4,4,47,522,57,2026-02-20T14:29:03Z,Yes,No,No,,3
2026-02-20T14:31:31Z,1004,3,1,10,33,1828,1,2026-02-20T15:02:32Z,Yes,No,No,,4
2026-02-20T14:42:55Z,1006,1,4,2,44,307,1,2026-02-20T14:48:46Z,No,No,No,,
2026-02-20T15:16:08Z,1008,3,2,4,52,557,1,2026-02-20T15:26:17Z,No,Yes,No,,
2026-02-20T15:16:40Z,1007,3,4,2,34,557,57,2026-02-20T15:26:31Z,No,No,No,,
2026-02-20T15:29:32Z,1005,0,1,2,52,334,1,2026-02-20T15:35:58Z,No,Yes,Yes,2001,
2026-02-20T15:33:00Z,1005,0,1,4,58,401,57,2026-02-20T15:40:39Z,Yes,No,Yes,2002,3
2026-02-20T15:39:27Z,1007,3,1,4,33,410,5,2026-02-20T15:46:50Z,Yes,Yes,No,,5
2026-02-20T15:42:47Z,1007,1,1,2,20,1680,5,2026-02-20T16:11:07Z,No,Yes,No,,
2026-02-20T15:46:01Z,1006,3,2,2,51,1787,57,2026-02-20T16:16:39Z,Yes,No,No,,2
2026-02-20T15:47:10Z,1007,3,1,4,37,572,1,2026-02-20T15:57:19Z,No,No,No,,
2026-02-20T16:09:59Z,1005,1,1,4,32,1320,1,2026-02-20T16:32:31Z,Yes,Yes,No,,5
2026-02-20T16:11:20Z,1007,3,4,10,27,1364,57,2026-02-20T16:34:31Z,No,No,No,,
2026-02-20T16:28:55Z,1005,3,1,2,20,288,1,2026-02-20T16:34:03Z,Yes,No,No,,4
2026-02-20T16:37:16Z,1005,2,4,2,52,575,57,2026-02-20T16:47:43Z,Yes,Yes,No,,5
2026-02-20T16:43:33Z,1006,3,1,4,23,2299,57,2026-02-20T17:22:15Z,No,No,No,,
2026-02-20T17:02:39Z,1005,3,4,5,25,506,1,2026-02-20T17:11:30Z,No,Yes,No,,
2026-02-20T17:10:42Z,1005,1,1,4,45,1534,5,2026-02-20T17:37:01Z,No,No,No,,
2026-02-20T17:10:51Z,1008,2,1,2,44,2114,5,2026-02-20T17:46:49Z,Yes,No,No,,5
2026-02-20T17:15:06Z,1007,2,1,4,56,1654,1,2026-02-20T17:43:36Z,No,No,No,,
2026-02-20T17:33:45Z,1008,3,1,10,28,509,1,2026-02-20T17:42:42Z,No,Yes,No,,
2026-02-20T17:36:25Z,1008,3,4,2,38,1187,1,2026-02-20T17:56:50Z,Yes,Yes,No,,3
2026-02-20T17:36:58Z,1006,3,4,2,53,1930,57,2026-02-20T18:10:01Z,No,Yes,No,,
2026-02-20T17:39:32Z,1005,3,5,4,25,2116,57,2026-02-20T18:15:13Z,Yes,No,No,,1
2026-02-20T17:43:37Z,1005,1,4,10,51,521,57,2026-02-20T17:53:09Z,Yes,Yes,No,,2
2026-02-20T17:49:51Z,1005,0,1,4,34,1648,1,2026-02-20T18:17:53Z,Yes,Yes,Yes,2001,5
2026-02-20T17:51:23Z,1007,3,1,2,45,1292,5,2026-02-20T18:13:40Z,Yes,No,No,,4
2026-02-20T18:00:45Z,1006,2,4,10,52,1888,1,2026-02-20T18:33:05Z,No,No,No,,
2026-02-20T18:02:28Z,1006,3,1,4,33,289,5,2026-02-20T18:07:50Z,No,No,No,,
2026-02-20T18:04:01Z,1007,0,1,2,40,1921,57,2026-02-20T18:36:42Z,Yes,No,Yes,2001,2
2026-02-20T18:16:25Z,1005,1,1,2,21,1231,57,2026-02-20T18:37:17Z,Yes,Yes,No,,1
2026-02-20T18:48:03Z,1007,2,1,2,49,1641,5,2026-02-20T19:16:13Z,Yes,Yes,No,,2
2026-02-20T19:00:20Z,1006,3,1,4,22,437,1,2026-02-20T19:07:59Z,No,Yes,No,,
2026-02-20T19:10:09Z,1008,3,1,2,33,502,1,2026-02-20T19:19:04Z,No,Yes,No,,
2026-02-20T19:11:29Z,1008,3,4,4,23,285,1,2026-02-20T19:16:37Z,No,Yes,No,,
2026-02-20T19:15:16Z,1005,3,1,4,50,1186,1,2026-02-20T19:35:52Z,Yes,Yes,No,,3
2026-02-20T19:16:23Z,1008,0,1,2,40,955,5,2026-02-20T19:32:58Z,No,No,Yes,2004,
2026-02-20T19:17:17Z,1008,2,5,4,42,313,57,2026-02-20T19:23:12Z,No,No,No,,
2026-02-20T19:18:23Z,1005,3,5,10,55,488,5,2026-02-20T19:27:26Z,Yes,Yes,No,,1
2026-02-20T19:24:45Z,1008,3,2,10,35,893,5,2026-02-20T19:40:13Z,No,Yes,No,,
2026-02-20T19:37:06Z,1005,3,1,4,56,1099,57,2026-02-20T19:56:21Z,No,Yes,No,,
2026-02-20T19:39:10Z,1007,3,1,2,57,1021,57,2026-02-20T19:57:08Z,No,Yes,No,,
2026-02-20T20:00:43Z,1008,3,4,4,47,546,57,2026-02-20T20:10:36Z,Yes,Yes,No,,2
2026-02-20T20:06:18Z,1005,3,4,4,56,324,57,2026-02-20T20:12:38Z,No,No,No,,
2026-02-20T20:28:40Z,1007,3,4,2,47,516,1,2026-02-20T20:38:03Z,Yes,No,No,,5
2026-02-20T20:31:56Z,1006,3,4,2,31,564,57,2026-02-20T20:41:51Z,Yes,Yes,No,,4
2026-02-20T20:35:55Z,1006,3,4,4,49,2305,57,2026-02-20T21:15:09Z,No,Yes,No,,
2026-02-20T20:39:39Z,1008,3,1,10,28,819,1,2026-02-20T20:53:46Z,Yes,Yes,No,,1
2026-02-20T20:41:46Z,1006,3,4,2,20,985,5,2026-02-20T20:58:31Z,No,No,No,,
2026-02-20T20:47:08Z,1006,3,1,10,39,545,5,2026-02-20T20:56:52Z,No,Yes,No,,
2026-02-20T20:49:29Z,1005,3,1,2,29,2008,57,2026-02-20T21:23:26Z,No,Yes,No,,
2026-02-20T20:55:51Z,1008,3,2,4,27,364,1,2026-02-20T21:02:22Z,Yes,No,No,,2
2026-02-20T21:09:25Z,1005,3,1,4,20,397,57,2026-02-20T21:16:22Z,Yes,Yes,No,,2
2026-02-20T21:13:49Z,1006,3,1,10,30,1919,5,2026-02-20T21:46:18Z,Yes,Yes,No,,4
2026-02-20T21:24:15Z,1006,3,1,10,48,343,5,2026-02-20T21:30:46Z,Yes,Yes,No,,5
2026-02-20T21:26:12Z,1005,2,4,2,56,1353,5,2026-02-20T21:49:41Z,Yes,Yes,No,,4
2026-02-20T21:29:49Z,1006,2,4,2,44,415,5,2026-02-20T21:37:28Z,No,Yes,No,,
2026-02-20T21:46:53Z,1005,3,4,10,23,414,1,2026-02-20T21:54:10Z,Yes,Yes,No,,4
2026-02-20T21:57:01Z,1007,3,4,4,31,1325,57,2026-02-20T22:19:37Z,Yes,Yes,No,,3
2026-02-20T22:00:31Z,1006,3,4,2,32,1382,5,2026-02-20T22:24:05Z,Yes,Yes,No,,1
2026-02-20T22:04:34Z,1008,3,4,4,22,482,5,2026-02-20T22:12:58Z,No,No,No,,
2026-02-20T22:18:05Z,1008,1,1,4,20,530,5,2026-02-20T22:27:15Z,No,No,No,,
2026-02-20T22:28:28Z,1005,3,1,10,32,357,5,2026-02-20T22:34:57Z,No,No,No,,
2026-02-20T22:42:02Z,1006,1,1,2,38,2182,5,2026-02-20T23:19:02Z,No,Yes,No,,
2026-02-20T22:53:31Z,1005,1,1,4,22,241,1,2026-02-20T22:57:54Z,Yes,No,No,,3
2026-02-20T22:56:48Z,1008,3,1,4,30,1008,57,2026-02-20T23:14:06Z,No,Yes,No,,
2026-02-20T23:13:00Z,1011,3,1,2,31,1649,57,2026-02-20T23:41:00Z,No,Yes,No,,
2026-02-20T23:26:39Z,1012,3,1,10,49,1560,1,2026-02-20T23:53:28Z,Yes,No,No,,4
2026-02-20T23:28:11Z,1009,3,1,10,30,360,57,2026-02-20T23:34:41Z,No,Yes,No,,
2026-02-20T23:31:27Z,1009,3,4,10,30,277,57,2026-02-20T23:36:34Z,Yes,Yes,No,,1
2026-02-20T23:55:49Z,1010,1,4,10,42,1461,57,2026-02-21T00:20:52Z,Yes,No,No,,5
2026-02-20T23:59:12Z,1010,3,1,4,56,812,57,2026-02-21T00:13:40Z,Yes,Yes,No,,2
2026-02-21T00:16:08Z,1011,2,1,2,50,288,57,2026-02-21T00:21:46Z,Yes,No,No,,4
2026-02-21T00:36:13Z,1011,3,4,2,42,2351,5,2026-02-21T01:16:06Z,Yes,No,No,,1
2026-02-21T00:42:33Z,1009,2,4,10,23,491,1,2026-02-21T00:51:07Z,Yes,Yes,No,,4
2026-02-21T00:47:59Z,1010,3,1,2,54,362,5,2026-02-21T00:54:55Z,No,No,No,,
2026-02-21T01:27:58Z,1011,2,4,10,44,2083,1,2026-02-21T02:03:25Z,No,No,No,,
2026-02-21T01:37:43Z,1010,3,4,4,32,366,1,2026-02-21T01:44:21Z,No,Yes,No,,
2026-02-21T01:40:10Z,1010,3,4,10,41,1496,57,2026-02-21T02:05:47Z,No,Yes,No,,
2026-02-21T01:45:34Z,1012,3,4,10,21,1939,57,2026-02-21T02:18:14Z,No,Yes,No,,
2026-02-21T01:45:34Z,1009,3,2,10,33,380,57,2026-02-21T01:52:27Z,Yes,No,No,,1
2026-02-21T01:57:38Z,1009,3,4,4,48,374,57,2026-02-21T02:04:40Z,Yes,No,No,,3
2026-02-21T02:08:07Z,1010,3,1,10,28,855,5,2026-02-21T02:22:50Z,No,Yes,No,,
2026-02-21T02:27:08Z,1010,3,4,4,44,478,5,2026-02-21T02:35:50Z,No,No,No,,
2026-02-21T02:28:46Z,1010,3,1,10,21,1388,57,2026-02-21T02:52:15Z,Yes,Yes,No,,3
2026-02-21T02:37:11Z,1009,1,1,2,37,308,5,2026-02-21T02:42:56Z,Yes,No,No,,2
2026-02-21T03:04:20Z,1009,3,4,4,51,264,1,2026-02-21T03:09:35Z,No,Yes,No,,
2026-02-21T03:06:31Z,1009,3,1,10,37,340,1,2026-02-21T03:12:48Z,Yes,No,No,,3
2026-02-21T03:07:31Z,1009,3,4,4,59,346,1,2026-02-21T03:14:16Z,No,Yes,No,,
2026-02-21T03:22:46Z,1012,3,1,10,46,1322,5,2026-02-21T03:45:34Z,Yes,No,No,,4
2026-02-21T03:28:38Z,1012,2,4,10,26,319,57,2026-02-21T03:34:23Z,No,Yes,No,,
2026-02-21T03:35:29Z,1010,2,4,4,60,1516,1,2026-02-21T04:01:45Z,No,Yes,No,,
2026-02-21T03:50:34Z,1012,9,1,10,53,289,5,2026-02-21T03:56:16Z,No,No,No,,
2026-02-21T03:55:33Z,1012,0,4,10,55,1445,57,2026-02-21T04:20:33Z,Yes,No,Yes,2001,5
2026-02-21T04:03:53Z,1010,9,4,10,59,1877,57,2026-02-21T04:36:09Z,No,Yes,No,,
2026-02-21T04:06:26Z,1011,13,1,10,57,1369,5,2026-02-21T04:30:12Z,No,Yes,No,,
2026-02-21T04:14:12Z,1012,1,1,4,32,380,5,2026-02-21T04:21:04Z,Yes,Yes,No,,5
2026-02-21T04:16:27Z,1010,0,1,4,46,527,5,2026-02-21T04:26:00Z,Yes,Yes,Yes,2004,3
2026-02-21T04:21:02Z,1011,10,4,10,36,405,1,2026-02-21T04:28:23Z,No,No,No,,
2026-02-21T04:22:56Z,1012,4,4,10,48,475,5,2026-02-21T04:31:39Z,Yes,Yes,No,,4
2026-02-21T04:32:28Z,1011,3,4,2,22,2060,5,2026-02-21T05:07:10Z,No,Yes,No,,
2026-02-21T05:01:19Z,1009,1,1,10,42,1323,1,2026-02-21T05:24:04Z,No,No,No,,
2026-02-21T05:33:22Z,1009,1,2,10,53,349,1,2026-02-21T05:40:04Z,No,No,No,,
2026-02-21T05:34:24Z,1011,10,4,4,46,1415,1,2026-02-21T05:58:45Z,Yes,No,No,,3
2026-02-21T05:42:15Z,1012,9,4,10,56,280,1,2026-02-21T05:47:51Z,Yes,No,No,,4
2026-02-21T05:45:33Z,1010,1,4,10,31,1518,57,2026-02-21T06:11:22Z,No,Yes,No,,
2026-02-21T05:48:42Z,1011,10,4,2,53,1440,57,2026-02-21T06:13:35Z,Yes,No,No,,4
2026-02-21T05:56:53Z,1011,3,4,4,41,491,1,2026-02-21T06:05:45Z,Yes,No,No,,3
2026-02-21T06:14:57Z,1010,1,4,2,28,437,1,2026-02-21T06:22:42Z,Yes,No,No,,4
2026-02-21T06:19:23Z,1010,13,4,4,26,1627,1,2026-02-21T06:46:56Z,Yes,No,No,,2
2026-02-21T06:22:24Z,1012,0,4,10,46,555,5,2026-02-21T06:32:25Z,Yes,No,Yes,2002,2
2026-02-21T06:30:54Z,1009,3,4,10,24,529,57,2026-02-21T06:40:07Z,Yes,No,No,,2
2026-02-21T06:46:26Z,1009,1,4,2,31,437,57,2026-02-21T06:54:14Z,Yes,No,No,,1
2026-02-21T07:01:00Z,1006,13,1,2,54,1844,1,2026-02-21T07:32:38Z,No,Yes,No,,
2026-02-21T07:03:53Z,1007,4,4,2,45,1663,57,2026-02-21T07:32:21Z,Yes,No,No,,1
2026-02-21T07:15:23Z,1004,4,4,4,58,1663,1,2026-02-21T07:44:04Z,No,No,No,,
2026-02-21T07:27:42Z,1005,1,2,2,33,1650,1,2026-02-21T07:55:45Z,No,Yes,No,,
2026-02-21T07:38:48Z,1003,1,4,4,36,1669,57,2026-02-21T08:07:13Z,No,Yes,No,,
2026-02-21T07:57:45Z,1002,1,2,10,28,265,1,2026-02-21T08:02:38Z,No,Yes,No,,
2026-02-21T07:58:28Z,1006,10,4,10,59,2378,5,2026-02-21T08:39:05Z,No,No,No,,
2026-02-21T07:58:36Z,1001,3,4,4,34,2209,57,2026-02-21T08:35:59Z,No,Yes,No,,
2026-02-21T08:19:20Z,1003,13,1,2,30,1993,5,2026-02-21T08:53:03Z,No,No,No,,
2026-02-21T08:24:51Z,1009,13,4,4,30,2031,57,2026-02-21T08:59:12Z,No,Yes,No,,
2026-02-21T08:39:07Z,1003,10,4,10,34,554,5,2026-02-21T08:48:55Z,Yes,No,No,,4
2026-02-21T08:55:55Z,1012,13,1,4,26,1002,57,2026-02-21T09:13:03Z,No,Yes,No,,
2026-02-21T08:56:55Z,1002,3,4,10,60,1014,1,2026-02-21T09:14:49Z,Yes,No,No,,3
2026-02-21T09:01:32Z,1008,10,4,4,36,365,1,2026-02-21T09:08:13Z,No,Yes,No,,
2026-02-21T09:05:49Z,1003,9,4,4,24,397,1,2026-02-21T09:12:50Z,No,No,No,,
2026-02-21T09:08:32Z,1001,4,1,4,32,1507,1,2026-02-21T09:34:11Z,No,No,No,,
2026-02-21T09:18:13Z,1013,3,4,4,53,1912,1,2026-02-21T09:50:58Z,Yes,Yes,No,,3
2026-02-21T09:28:34Z,1002,3,4,2,54,453,57,2026-02-21T09:37:01Z,No,No,No,,
2026-02-21T09:36:08Z,1013,1,4,10,55,571,57,2026-02-21T09:46:34Z,No,Yes,No,,
2026-02-21T09:42:34Z,1007,0,1,10,22,336,57,2026-02-21T09:48:32Z,No,No,Yes,2004,
2026-02-21T09:47:33Z,1006,1,4,2,32,1165,1,2026-02-21T10:07:30Z,No,No,No,,
2026-02-21T10:02:39Z,1005,1,1,10,57,1985,57,2026-02-21T10:36:41Z,Yes,No,No,,3
2026-02-21T10:15:35Z,1001,1,4,2,39,425,1,2026-02-21T10:23:19Z,Yes,Yes,No,,5
2026-02-21T10:16:28Z,1002,3,4,10,53,278,1,2026-02-21T10:21:59Z,Yes,No,No,,3
2026-02-21T10:23:55Z,1002,13,4,4,54,1856,57,2026-02-21T10:55:45Z,No,Yes,No,,
2026-02-21T10:39:09Z,1007,10,1,4,59,407,5,2026-02-21T10:46:55Z,No,No,No,,
2026-02-21T10:43:46Z,1007,9,4,10,38,999,5,2026-02-21T11:01:03Z,Yes,No,No,,5
2026-02-21T10:56:25Z,1008,10,1,10,54,1591,5,2026-02-21T11:23:50Z,Yes,Yes,No,,5
2026-02-21T11:19:38Z,1011,9,1,4,44,458,5,2026-02-21T11:28:00Z,No,No,No,,
2026-02-21T11:22:39Z,1005,3,4,2,21,331,5,2026-02-21T11:28:31Z,Yes,No,No,,4
2026-02-21T11:33:36Z,1008,1,1,2,53,1693,1,2026-02-21T12:02:42Z,Yes,Yes,No,,3
2026-02-21T11:37:27Z,1011,4,4,2,41,355,1,2026-02-21T11:44:03Z,Yes,Yes,No,,3
2026-02-21T11:42:35Z,1001,10,4,2,24,2228,57,2026-02-21T12:20:07Z,Yes,Yes,No,,2
2026-02-21T11:52:22Z,1011,1,4,10,54,457,1,2026-02-21T12:00:53Z,No,Yes,No,,
2026-02-21T11:52:40Z,1006,3,4,10,35,1424,5,2026-02-21T12:16:59Z,Yes,No,No,,5
2026-02-21T11:55:16Z,1013,1,1,10,25,1904,57,2026-02-21T12:27:25Z,Yes,No,No,,4
2026-02-21T12:05:36Z,1009,3,4,10,42,1831,1,2026-02-21T12:36:49Z,Yes,No,No,,2
2026-02-21T12:07:21Z,1005,1,1,10,43,1128,57,2026-02-21T12:26:52Z,Yes,Yes,No,,5
2026-02-21T12:16:51Z,1004,3,4,4,45,262,1,2026-02-21T12:21:58Z,No,No,No,,
2026-02-21T12:17:24Z,1008,3,1,2,44,1491,1,2026-02-21T12:42:59Z,No,Yes,No,,
2026-02-21T12:22:30Z,1013,3,4,2,29,356,57,2026-02-21T12:28:55Z,No,Yes,No,,
2026-02-21T12:39:32Z,1009,3,1,2,20,286,5,2026-02-21T12:44:38Z,Yes,Yes,No,,1
2026-02-21T12:41:44Z,1010,3,4,4,30,374,57,2026-02-21T12:48:28Z,No,No,No,,
2026-02-21T13:13:33Z,1013,1,4,2,53,508,5,2026-02-21T13:22:54Z,No,Yes,No,,
2026-02-21T13:41:49Z,1004,0,4,4,22,1165,5,2026-02-21T14:01:36Z,No,Yes,Yes,2005,
2026-02-21T14:04:14Z,1008,1,4,10,48,311,1,2026-02-21T14:10:13Z,Yes,Yes,No,,1
2026-02-21T14:14:30Z,1010,3,1,2,57,256,1,2026-02-21T14:19:43Z,Yes,No,No,,5
2026-02-21T14:15:20Z,1005,3,1,2,38,1438,1,2026-02-21T14:39:56Z,Yes,No,No,,2
2026-02-21T14:22:09Z,1008,3,1,10,33,340,1,2026-02-21T14:28:22Z,No,Yes,No,,
2026-02-21T14:25:05Z,1011,1,4,5,56,281,5,2026-02-21T14:30:42Z,No,Yes,No,,
2026-02-21T14:30:54Z,1003,1,4,10,37,2334,5,2026-02-21T15:10:25Z,No,Yes,No,,
2026-02-21T14:37:00Z,1004,3,4,4,37,370,57,2026-02-21T14:43:47Z,Yes,No,No,,3
2026-02-21T14:40:25Z,1014,1,4,4,40,1158,57,2026-02-21T15:00:23Z,No,No,No,,
2026-02-21T14:42:39Z,1013,0,4,2,24,1738,1,2026-02-21T15:12:01Z,Yes,Yes,Yes,2004,1
2026-02-21T14:52:11Z,1009,1,4,5,37,1764,1,2026-02-21T15:22:12Z,Yes,No,No,,1
2026-02-21T14:57:18Z,1002,1,4,2,23,493,1,2026-02-21T15:05:54Z,No,Yes,No,,
2026-02-21T15:05:18Z,1005,3,1,2,37,366,1,2026-02-21T15:12:01Z,Yes,Yes,No,,3
2026-02-21T15:13:58Z,1005,3,1,4,20,2254,1,2026-02-21T15:51:52Z,Yes,Yes,No,,4
2026-02-21T15:24:37Z,1008,3,1,5,25,832,5,2026-02-21T15:38:54Z,Yes,Yes,No,,4
2026-02-21T15:37:06Z,1007,3,1,5,22,1439,57,2026-02-21T16:01:27Z,Yes,No,No,,2
2026-02-21T15:40:09Z,1005,3,4,2,40,428,1,2026-02-21T15:47:57Z,Yes,No,No,,5
2026-02-21T15:44:00Z,1008,3,4,4,22,278,57,2026-02-21T15:49:00Z,Yes,No,No,,5
2026-02-21T15:45:37Z,1007,3,4,2,23,1564,5,2026-02-21T16:12:04Z,Yes,No,No,,3
2026-02-21T15:51:22Z,1007,3,4,2,42,325,57,2026-02-21T15:57:29Z,No,No,No,,
2026-02-21T15:56:23Z,1008,3,1,4,33,280,1,2026-02-21T16:01:36Z,Yes,Yes,No,,2
2026-02-21T16:09:20Z,1006,3,1,4,49,422,1,2026-02-21T16:17:11Z,No,Yes,No,,
2026-02-21T16:22:12Z,1008,3,1,5,41,1611,5,2026-02-21T16:49:44Z,No,Yes,No,,
2026-02-21T16:30:36Z,1008,1,4,2,31,1447,5,2026-02-21T16:55:14Z,Yes,No,No,,2
2026-02-21T16:36:29Z,1006,0,1,4,49,1070,57,2026-02-21T16:55:08Z,No,No,Yes,2004,
2026-02-21T16:41:21Z,1008,1,1,4,22,2394,1,2026-02-21T17:21:37Z,No,No,No,,
2026-02-21T16:51:28Z,1008,3,4,5,20,1977,57,2026-02-21T17:24:45Z,No,No,No,,
2026-02-21T16:53:56Z,1008,1,1,4,31,1872,57,2026-02-21T17:25:39Z,Yes,Yes,No,,2
2026-02-21T17:15:23Z,1008,3,4,4,25,2213,57,2026-02-21T17:52:41Z,Yes,Yes,No,,2
2026-02-21T17:38:54Z,1008,3,1,4,51,447,1,2026-02-21T17:47:12Z,No,Yes,No,,
2026-02-21T17:42:29Z,1007,1,1,2,44,1619,1,2026-02-21T18:10:12Z,Yes,No,No,,3
2026-02-21T18:12:56Z,1008,1,4,2,42,1695,57,2026-02-21T18:41:53Z,No,Yes,No,,
2026-02-21T18:13:30Z,1005,3,4,4,35,1427,1,2026-02-21T18:37:52Z,No,No,No,,
2026-02-21T18:22:41Z,1005,1,4,5,28,1001,57,2026-02-21T18:39:50Z,Yes,Yes,No,,5
2026-02-21T18:24:07Z,1007,3,4,4,51,2130,5,2026-02-21T19:00:28Z,Yes,No,No,,3
2026-02-21T18:24:29Z,1006,3,1,10,38,2171,5,2026-02-21T19:01:18Z,No,No,No,,
2026-02-21T18:40:44Z,1005,3,1,4,55,937,5,2026-02-21T18:57:16Z,No,No,No,,
2026-02-21T18:45:56Z,1008,1,4,2,24,2364,1,2026-02-21T19:25:44Z,No,Yes,No,,
2026-02-21T18:48:10Z,1005,1,1,5,27,1239,5,2026-02-21T19:09:16Z,Yes,Yes,No,,3
2026-02-21T18:52:59Z,1008,3,1,2,31,371,5,2026-02-21T18:59:41Z,Yes,Yes,No,,3
2026-02-21T18:59:15Z,1006,3,4,10,27,474,5,2026-02-21T19:07:36Z,Yes,Yes,No,,5
2026-02-21T19:04:26Z,1007,3,1,4,50,1695,1,2026-02-21T19:33:31Z,No,No,No,,
2026-02-21T19:06:05Z,1006,0,4,2,38,1468,1,2026-02-21T19:31:11Z,Yes,Yes,Yes,2005,2
2026-02-21T19:19:27Z,1007,3,1,4,25,1233,5,2026-02-21T19:40:25Z,No,Yes,No,,
2026-02-21T19:27:29Z,1006,3,1,2,58,1791,1,2026-02-21T19:58:18Z,Yes,Yes,No,,5
2026-02-21T19:28:13Z,1006,3,4,4,57,327,57,2026-02-21T19:34:37Z,Yes,No,No,,5
2026-02-21T19:35:54Z,1007,3,1,2,33,2354,5,2026-02-21T20:15:41Z,No,No,No,,
2026-02-21T19:37:44Z,1006,3,4,2,54,1585,5,2026-02-21T20:05:03Z,No,Yes,No,,
2026-02-21T19:39:50Z,1008,3,1,2,24,376,57,2026-02-21T19:46:30Z,Yes,Yes,No,,2
2026-02-21T19:45:33Z,1005,3,1,5,28,2309,57,2026-02-21T20:24:30Z,No,Yes,No,,
2026-02-21T19:46:04Z,1008,3,1,2,31,1021,57,2026-02-21T20:03:36Z,No,No,No,,
2026-02-21T19:58:03Z,1008,1,1,10,27,380,1,2026-02-21T20:04:50Z,No,Yes,No,,
2026-02-21T20:09:37Z,1005,1,1,10,51,872,57,2026-02-21T20:25:00Z,Yes,Yes,No,,5
2026-02-21T20:12:17Z,1005,3,4,2,31,401,1,2026-02-21T20:19:29Z,No,Yes,No,,
2026-02-21T20:17:02Z,1007,3,4,2,58,445,5,2026-02-21T20:25:25Z,Yes,No,No,,1
2026-02-21T20:18:03Z,1005,1,1,4,59,1115,1,2026-02-21T20:37:37Z,No,No,No,,
2026-02-21T20:27:55Z,1007,3,4,4,41,1756,5,2026-02-21T20:57:52Z,Yes,Yes,No,,4
2026-02-21T20:29:01Z,1005,1,4,5,57,247,57,2026-02-21T20:34:05Z,Yes,Yes,No,,2
2026-02-21T20:33:05Z,1007,2,1,3,40,381,1,2026-02-21T20:40:06Z,No,No,No,,
2026-02-21T20:39:33Z,1007,3,4,10,26,267,57,2026-02-21T20:44:26Z,Yes,No,No,,5
2026-02-21T20:41:01Z,1007,0,1,10,35,1844,5,2026-02-21T21:12:20Z,Yes,No,Yes,2004,1
2026-02-21T20:45:28Z,1008,2,1,2,36,1277,5,2026-02-21T21:07:21Z,No,Yes,No,,
2026-02-21T21:22:45Z,1006,3,1,5,28,2383,5,2026-02-21T22:02:56Z,No,Yes,No,,
2026-02-21T21:22:58Z,1008,1,4,5,42,939,1,2026-02-21T21:39:19Z,No,No,No,,
2026-02-21T21:36:29Z,1007,3,4,2,22,2274,1,2026-02-21T22:14:45Z,No,No,No,,
2026-02-21T21:43:48Z,1006,3,4,2,25,540,57,2026-02-21T21:53:13Z,Yes,Yes,No,,1
2026-02-21T21:49:57Z,1008,3,1,5,36,391,57,2026-02-21T21:57:04Z,Yes,No,No,,1
2026-02-21T21:56:18Z,1005,3,1,2,56,1438,1,2026-02-21T22:21:12Z,No,Yes,No,,
2026-02-21T22:04:37Z,1006,3,1,4,34,1317,57,2026-02-21T22:27:08Z,No,No,No,,
2026-02-21T22:14:30Z,1005,3,4,2,22,2157,5,2026-02-21T22:50:49Z,Yes,Yes,No,,3
2026-02-21T22:17:37Z,1005,3,1,2,35,296,1,2026-02-21T22:23:08Z,Yes,Yes,No,,5
2026-02-21T22:19:36Z,1005,2,4,2,25,446,5,2026-02-21T22:27:27Z,Yes,Yes,No,,5
2026-02-21T22:19:49Z,1007,3,1,3,57,954,57,2026-02-21T22:36:40Z,Yes,No,No,,4
2026-02-21T22:44:52Z,1005,2,1,5,49,332,5,2026-02-21T22:51:13Z,No,No,No,,
2026-02-21T22:54:56Z,1006,3,4,2,41,2384,5,2026-02-21T23:35:21Z,Yes,Yes,No,,2
2026-02-21T22:55:49Z,1006,0,1,2,24,353,1,2026-02-21T23:02:06Z,Yes,No,Yes,2005,2
2026-02-21T23:16:36Z,1009,2,1,5,46,1167,57,2026-02-21T23:36:49Z,Yes,Yes,No,,5
2026-02-21T23:20:25Z,1011,3,1,5,26,1201,5,2026-02-21T23:40:52Z,Yes,No,No,,1
2026-02-21T23:21:43Z,1009,1,1,2,43,328,5,2026-02-21T23:27:54Z,Yes,No,No,,4
2026-02-21T23:35:55Z,1009,3,4,3,36,1666,1,2026-02-22T00:04:17Z,No,No,No,,
2026-02-21T23:43:15Z,1009,3,4,3,31,430,1,2026-02-21T23:50:56Z,No,No,No,,
2026-02-21T23:46:30Z,1012,3,4,2,34,1681,57,2026-02-22T00:15:05Z,No,No,No,,
2026-02-21T23:53:04Z,1010,3,1,2,26,2059,57,2026-02-22T00:27:49Z,Yes,No,No,,4
2026-02-21T23:54:21Z,1009,3,1,4,23,1532,1,2026-02-22T00:20:16Z,Yes,No,No,,4
2026-02-21T23:54:45Z,1010,3,1,4,44,1152,5,2026-02-22T00:14:41Z,Yes,No,No,,4
2026-02-21T23:57:15Z,1012,3,4,4,21,375,1,2026-02-22T00:03:51Z,Yes,No,No,,2
